,Race and Hispanic Origin,"Neoplasms of lip, oral cavity and pharynx",Neoplasm of esophagus,Neoplasm of stomach,"Neoplasms of colon, rectum and anus",Neoplasms of liver and intrahepatic bile ducts,Neoplasm of pancreas,Neoplasm of larynx,"Neoplasms of trachea, bronchus and lung",Melanoma of skin,Neoplasm of breast,Neoplasm of cervix uteri,Neoplasms of corpus uteri and uterus,Neoplasm of ovary,Neoplasm of prostate,Neoplasms of kidney and renal pelvis,Neoplasm of bladder,Neoplasms of meninges and parts of central nervous system,"Neoplasms of lymphoid, hematopoietic and related tissue"
3,Hispanic,0,0,0,0,0,0,0,0,0,0,0,0,0,0,0,0,5,4
4,Hispanic,0,0,0,0,0,0,0,0,0,0,0,0,0,0,1,0,8,3
5,Hispanic,1,0,0,0,0,0,0,0,0,0,0,0,0,0,0,0,5,2
6,Hispanic,0,0,0,0,1,0,0,0,0,0,0,0,0,0,0,0,4,6
7,Hispanic,0,0,0,0,0,0,0,0,0,0,0,0,0,0,0,0,3,6
8,Hispanic,0,0,0,0,0,0,0,0,0,0,0,0,0,0,0,0,4,2
9,Hispanic,0,0,0,1,0,0,0,0,0,0,0,0,0,0,0,0,3,6
10,Hispanic,0,0,0,0,0,0,0,0,0,0,0,0,0,0,1,0,4,2
11,Hispanic,0,0,0,0,0,0,0,0,0,0,0,0,0,0,1,0,5,0
12,Hispanic,0,0,0,0,1,0,0,0,0,0,0,0,1,0,0,0,1,3
13,Hispanic,0,0,0,0,0,0,0,0,0,0,0,0,0,0,1,0,3,7
14,Hispanic,0,0,0,0,0,0,0,0,0,0,0,0,0,0,0,0,4,8
25,Non-Hispanic American Indian or Alaska Native,0,0,0,0,0,0,0,0,0,0,0,0,0,0,0,0,0,0
26,Non-Hispanic American Indian or Alaska Native,0,0,0,0,0,0,0,0,0,0,0,0,0,0,0,0,0,0
27,Non-Hispanic American Indian or Alaska Native,0,0,0,0,0,0,0,0,0,0,0,0,0,0,0,0,0,0
28,Non-Hispanic American Indian or Alaska Native,0,0,0,0,0,0,0,0,0,0,0,0,0,0,0,0,1,0
29,Non-Hispanic American Indian or Alaska Native,0,0,0,0,0,0,0,0,0,0,0,0,0,0,0,0,0,0
30,Non-Hispanic American Indian or Alaska Native,0,0,0,0,0,0,0,0,0,0,0,0,0,0,0,0,0,0
31,Non-Hispanic American Indian or Alaska Native,0,0,0,0,0,0,0,0,0,0,0,0,0,0,0,0,0,0
32,Non-Hispanic American Indian or Alaska Native,0,0,0,0,0,0,0,0,0,0,0,0,0,0,1,0,0,0
33,Non-Hispanic American Indian or Alaska Native,0,0,0,0,0,0,0,0,0,0,0,0,0,0,0,0,1,0
34,Non-Hispanic American Indian or Alaska Native,0,0,0,0,0,0,0,0,0,0,0,0,0,0,0,0,0,0
35,Non-Hispanic American Indian or Alaska Native,0,0,0,0,0,0,0,0,0,0,0,0,0,0,0,0,0,2
36,Non-Hispanic American Indian or Alaska Native,0,0,0,0,0,0,0,0,0,0,0,0,0,0,0,0,0,0
47,Non-Hispanic Asian,0,0,0,0,0,0,0,0,0,0,0,0,0,0,0,0,0,0
48,Non-Hispanic Asian,0,0,0,0,0,0,0,0,0,0,0,0,0,0,0,0,3,0
49,Non-Hispanic Asian,0,0,0,0,0,0,0,0,0,0,0,0,0,0,0,0,1,2
50,Non-Hispanic Asian,0,0,0,0,0,0,0,0,0,0,0,0,0,0,0,0,0,2
51,Non-Hispanic Asian,0,0,0,0,0,0,0,0,0,0,0,0,0,0,0,0,0,1
52,Non-Hispanic Asian,0,0,0,0,0,0,0,0,0,0,0,0,0,0,0,0,0,0
53,Non-Hispanic Asian,0,0,0,0,0,0,0,0,0,0,0,0,0,0,0,0,0,0
54,Non-Hispanic Asian,0,0,0,0,0,0,0,0,0,0,0,0,0,0,0,0,1,0
55,Non-Hispanic Asian,0,0,0,0,0,0,0,0,0,0,0,0,0,0,0,0,0,1
56,Non-Hispanic Asian,0,0,0,0,0,0,0,0,0,0,0,0,0,0,0,0,1,2
57,Non-Hispanic Asian,0,0,0,0,0,0,0,0,0,0,0,0,0,0,0,0,0,1
58,Non-Hispanic Asian,0,0,0,0,0,0,0,0,0,0,0,0,0,0,0,0,2,1
69,Non-Hispanic Black,0,0,0,0,0,0,0,0,0,0,0,0,1,0,1,0,1,2
70,Non-Hispanic Black,0,0,0,0,0,0,0,0,0,0,0,0,0,0,0,0,2,2
71,Non-Hispanic Black,0,0,0,0,0,0,0,0,0,0,0,0,0,0,1,0,4,2
72,Non-Hispanic Black,0,0,0,0,0,0,0,0,0,0,0,0,0,0,1,0,0,2
73,Non-Hispanic Black,0,0,0,0,0,0,0,0,0,0,0,0,0,0,0,0,2,1
74,Non-Hispanic Black,0,0,0,0,0,0,0,0,0,0,0,0,0,0,1,0,2,2
75,Non-Hispanic Black,0,0,0,0,0,0,0,0,0,0,0,0,0,0,0,0,2,3
76,Non-Hispanic Black,0,0,0,0,0,0,0,0,0,0,0,0,0,0,0,0,1,0
77,Non-Hispanic Black,0,0,0,0,0,0,0,0,0,0,0,0,0,0,0,0,3,1
78,Non-Hispanic Black,0,0,0,0,0,0,0,0,0,0,0,0,0,0,0,0,2,0
79,Non-Hispanic Black,0,0,0,0,1,0,0,0,0,0,0,0,0,0,0,0,3,0
80,Non-Hispanic Black,0,0,0,0,1,0,0,0,0,0,0,0,0,0,0,0,1,0
91,Non-Hispanic More than one race,0,0,0,0,0,0,0,0,0,0,0,0,0,0,0,0,0,1
92,Non-Hispanic More than one race,1,0,0,0,0,0,0,0,0,0,0,0,0,0,0,0,0,0
93,Non-Hispanic More than one race,0,0,0,0,0,0,0,0,0,0,0,0,0,0,0,0,0,0
94,Non-Hispanic More than one race,0,0,0,0,0,0,0,0,0,0,0,0,0,0,0,0,0,0
95,Non-Hispanic More than one race,0,0,0,0,0,0,0,0,0,0,0,0,0,0,0,0,1,0
96,Non-Hispanic More than one race,0,0,0,0,0,0,0,0,0,0,0,0,0,0,0,0,1,2
97,Non-Hispanic More than one race,0,0,0,0,0,0,0,0,0,0,0,0,0,0,0,0,0,0
98,Non-Hispanic More than one race,0,0,0,0,0,0,0,0,0,0,0,0,0,0,0,0,0,0
99,Non-Hispanic More than one race,0,0,0,0,1,0,0,0,0,0,0,0,0,0,0,0,0,0
100,Non-Hispanic More than one race,0,0,0,0,0,0,0,0,0,0,0,0,0,0,0,0,1,0
101,Non-Hispanic More than one race,0,0,0,0,0,0,0,0,0,0,0,0,0,0,0,0,1,0
102,Non-Hispanic More than one race,0,0,0,0,0,0,0,0,0,0,0,0,0,0,0,0,0,0
113,Non-Hispanic Native Hawaiian or Other Pacific Islander,0,0,0,0,0,0,0,0,0,0,0,0,0,0,0,0,0,0
114,Non-Hispanic Native Hawaiian or Other Pacific Islander,0,0,0,0,0,0,0,0,0,0,0,0,0,0,0,0,0,0
115,Non-Hispanic Native Hawaiian or Other Pacific Islander,0,0,0,0,0,0,0,0,0,0,0,0,0,0,0,0,0,0
116,Non-Hispanic Native Hawaiian or Other Pacific Islander,0,0,0,0,0,0,0,0,0,0,0,0,0,0,0,0,0,0
117,Non-Hispanic Native Hawaiian or Other Pacific Islander,0,0,0,0,0,0,0,0,0,0,0,0,0,0,0,0,0,0
118,Non-Hispanic Native Hawaiian or Other Pacific Islander,0,0,0,0,0,0,0,0,0,0,0,0,0,0,0,0,0,0
119,Non-Hispanic Native Hawaiian or Other Pacific Islander,0,0,0,0,0,0,0,0,0,0,0,0,0,0,0,0,0,0
120,Non-Hispanic Native Hawaiian or Other Pacific Islander,0,0,0,0,0,0,0,0,0,0,0,0,0,0,0,0,0,0
121,Non-Hispanic Native Hawaiian or Other Pacific Islander,0,0,0,0,0,0,0,0,0,0,0,0,0,0,0,0,0,0
122,Non-Hispanic Native Hawaiian or Other Pacific Islander,0,0,0,0,0,0,0,0,0,0,0,0,0,0,0,0,0,0
123,Non-Hispanic Native Hawaiian or Other Pacific Islander,0,0,0,0,0,0,0,0,0,0,0,0,0,0,0,0,0,0
124,Non-Hispanic Native Hawaiian or Other Pacific Islander,0,0,0,0,0,0,0,0,0,0,0,0,0,0,0,0,0,0
136,Non-Hispanic White,0,0,0,0,0,0,0,1,0,0,0,0,1,0,2,0,6,8
137,Non-Hispanic White,0,0,0,0,0,0,0,1,0,0,0,0,0,0,0,0,9,3
138,Non-Hispanic White,0,0,0,0,1,0,0,0,0,0,0,0,0,0,2,0,10,3
139,Non-Hispanic White,0,0,0,0,0,0,0,0,0,0,0,0,0,0,2,0,10,5
140,Non-Hispanic White,0,0,0,0,3,0,0,0,0,0,0,0,0,0,2,0,21,8
141,Non-Hispanic White,0,0,0,0,0,0,0,0,0,0,0,0,0,0,1,0,6,4
142,Non-Hispanic White,0,0,0,0,0,0,0,0,0,0,0,0,0,0,2,0,11,5
143,Non-Hispanic White,0,0,0,0,1,0,0,0,0,0,0,0,0,0,2,0,7,5
144,Non-Hispanic White,0,0,0,0,0,0,0,0,0,0,0,0,0,0,0,0,7,9
145,Non-Hispanic White,0,0,0,0,0,0,0,0,0,0,0,0,0,0,1,0,2,4
146,Non-Hispanic White,0,0,0,0,1,0,0,0,0,0,0,0,0,0,1,0,9,5
147,Non-Hispanic White,0,0,0,0,0,0,0,0,0,0,0,0,1,0,0,0,8,5
176,Hispanic,0,0,0,0,1,0,0,0,0,0,0,0,0,0,0,0,2,5
177,Hispanic,0,0,0,0,1,1,0,0,0,0,0,0,0,0,0,0,3,1
178,Hispanic,0,0,2,0,0,0,0,1,0,0,1,0,1,0,0,0,1,1
179,Hispanic,0,0,1,1,0,0,0,1,0,0,0,0,0,0,0,0,1,1
180,Hispanic,0,0,1,0,0,1,0,0,0,1,1,0,0,0,0,0,0,3
181,Hispanic,0,0,1,0,0,0,0,0,0,0,0,0,0,0,0,0,2,1
182,Hispanic,0,0,0,0,0,0,0,1,0,0,0,0,0,0,0,0,0,3
183,Hispanic,0,0,1,0,0,0,0,0,0,0,0,0,0,0,0,0,2,8
184,Hispanic,0,0,0,0,0,0,0,0,0,0,0,0,0,0,0,0,1,3
185,Hispanic,0,0,3,0,0,1,0,1,0,0,0,0,0,0,0,0,2,3
186,Hispanic,1,0,0,0,1,1,0,0,0,0,0,0,0,0,0,0,3,3
187,Hispanic,0,0,1,0,0,0,0,0,0,0,0,0,0,0,0,0,1,0
198,Non-Hispanic American Indian or Alaska Native,0,0,0,0,0,0,0,0,0,0,0,0,0,0,0,0,0,0
199,Non-Hispanic American Indian or Alaska Native,0,0,0,0,0,0,0,0,0,0,0,0,0,0,0,0,0,0
200,Non-Hispanic American Indian or Alaska Native,0,0,0,0,0,0,0,0,0,0,0,0,0,0,0,0,0,0
201,Non-Hispanic American Indian or Alaska Native,0,0,0,0,0,0,0,0,0,0,0,0,0,0,0,0,1,0
202,Non-Hispanic American Indian or Alaska Native,0,0,0,0,0,0,0,0,0,0,0,0,1,0,0,0,0,0
203,Non-Hispanic American Indian or Alaska Native,0,0,0,0,0,0,0,0,0,0,0,0,0,0,0,0,0,0
204,Non-Hispanic American Indian or Alaska Native,0,0,0,0,0,0,0,1,0,0,0,0,0,0,0,0,0,0
205,Non-Hispanic American Indian or Alaska Native,0,0,0,0,0,0,0,0,0,0,0,0,0,0,0,0,0,0
206,Non-Hispanic American Indian or Alaska Native,0,0,0,0,0,0,0,0,0,0,0,0,0,0,0,0,0,0
207,Non-Hispanic American Indian or Alaska Native,0,0,0,0,0,0,0,0,0,0,0,0,0,0,0,0,0,0
208,Non-Hispanic American Indian or Alaska Native,0,0,0,0,0,0,0,0,0,0,0,0,0,0,0,0,0,0
209,Non-Hispanic American Indian or Alaska Native,0,0,0,0,0,0,0,0,0,0,0,0,0,0,0,0,0,0
220,Non-Hispanic Asian,0,0,0,1,0,0,0,0,0,0,0,0,0,0,0,0,1,0
221,Non-Hispanic Asian,0,0,0,0,0,0,0,1,0,0,0,0,0,0,0,0,1,2
222,Non-Hispanic Asian,0,0,0,0,1,0,0,1,0,0,0,0,0,0,0,0,0,1
223,Non-Hispanic Asian,0,0,0,0,0,0,0,0,0,0,0,0,0,0,0,0,2,1
224,Non-Hispanic Asian,0,0,0,0,0,0,0,0,0,0,0,0,0,0,0,0,0,3
225,Non-Hispanic Asian,0,0,0,0,0,0,0,0,0,0,0,0,0,0,0,0,0,1
226,Non-Hispanic Asian,0,0,0,0,0,0,0,0,0,0,0,0,0,0,1,0,0,0
227,Non-Hispanic Asian,0,0,0,0,1,0,0,0,0,0,0,0,0,0,0,0,0,0
228,Non-Hispanic Asian,0,0,0,0,0,0,0,0,0,0,0,0,0,0,0,0,1,0
229,Non-Hispanic Asian,0,0,0,0,0,0,0,0,0,0,0,0,0,0,0,0,0,3
230,Non-Hispanic Asian,0,0,0,0,1,0,0,0,0,0,0,0,0,0,0,0,0,0
231,Non-Hispanic Asian,0,0,0,0,0,0,0,0,0,0,0,0,0,0,0,0,0,1
242,Non-Hispanic Black,0,0,0,0,0,0,0,0,0,0,0,0,0,0,0,0,2,2
243,Non-Hispanic Black,1,0,1,0,0,0,0,0,0,0,0,0,0,0,0,0,1,2
244,Non-Hispanic Black,0,0,0,0,0,0,0,0,0,0,1,0,0,0,0,0,1,1
245,Non-Hispanic Black,0,0,0,0,0,0,0,0,0,0,0,0,0,0,0,0,1,2
246,Non-Hispanic Black,0,0,0,1,1,0,0,0,0,0,0,0,0,0,1,0,1,2
247,Non-Hispanic Black,0,0,0,0,0,0,0,0,0,1,0,0,0,0,2,0,0,2
248,Non-Hispanic Black,0,0,0,0,2,0,0,0,0,0,0,0,0,0,1,0,0,4
249,Non-Hispanic Black,0,0,0,0,1,0,0,0,0,0,0,0,0,0,2,0,1,2
250,Non-Hispanic Black,1,0,0,0,1,0,0,0,0,0,0,0,0,0,0,0,5,2
251,Non-Hispanic Black,0,0,0,1,0,0,0,0,0,1,0,0,0,0,1,0,0,0
252,Non-Hispanic Black,0,0,0,0,0,0,0,0,0,0,0,0,0,0,0,0,0,1
253,Non-Hispanic Black,0,0,0,0,0,0,0,0,0,0,0,0,0,0,0,0,0,2
264,Non-Hispanic More than one race,0,0,0,0,0,0,0,0,0,0,0,0,0,0,0,0,0,0
265,Non-Hispanic More than one race,0,0,0,0,0,0,0,0,0,0,0,0,0,0,0,0,0,1
266,Non-Hispanic More than one race,0,0,0,0,0,0,0,0,0,0,0,0,0,0,0,0,0,0
267,Non-Hispanic More than one race,0,0,0,0,0,0,0,0,0,0,0,0,0,0,0,0,0,0
268,Non-Hispanic More than one race,0,0,0,0,0,0,0,0,0,0,0,0,0,0,0,0,0,0
269,Non-Hispanic More than one race,0,0,0,0,0,0,0,0,0,0,0,0,1,0,0,0,1,0
270,Non-Hispanic More than one race,0,0,0,0,0,0,0,0,0,0,0,0,0,0,0,0,1,0
271,Non-Hispanic More than one race,0,0,0,0,0,0,0,0,0,0,0,0,0,0,0,0,0,0
272,Non-Hispanic More than one race,0,0,0,0,0,0,0,0,0,0,0,0,0,0,0,0,1,0
273,Non-Hispanic More than one race,0,0,0,0,0,0,0,0,0,0,0,0,0,0,0,0,1,0
274,Non-Hispanic More than one race,0,0,0,0,0,0,0,0,0,0,0,0,0,0,0,0,0,0
275,Non-Hispanic More than one race,0,0,0,0,0,0,0,0,0,0,0,0,0,0,0,0,1,0
286,Non-Hispanic Native Hawaiian or Other Pacific Islander,0,0,0,0,0,0,0,0,0,0,0,0,0,0,0,0,0,0
287,Non-Hispanic Native Hawaiian or Other Pacific Islander,0,0,0,0,0,0,0,0,0,0,0,0,0,0,0,0,0,0
288,Non-Hispanic Native Hawaiian or Other Pacific Islander,0,0,0,0,0,0,0,0,0,0,0,0,0,0,0,0,0,0
289,Non-Hispanic Native Hawaiian or Other Pacific Islander,0,0,0,0,0,0,0,0,0,0,0,0,0,0,0,0,0,0
290,Non-Hispanic Native Hawaiian or Other Pacific Islander,0,0,0,0,0,0,0,0,0,0,0,0,0,0,0,0,0,0
291,Non-Hispanic Native Hawaiian or Other Pacific Islander,0,0,0,0,0,0,0,0,0,0,0,0,0,0,0,0,1,0
292,Non-Hispanic Native Hawaiian or Other Pacific Islander,0,0,0,0,0,0,0,0,0,0,0,0,0,0,0,0,0,0
293,Non-Hispanic Native Hawaiian or Other Pacific Islander,0,0,0,0,0,0,0,0,0,0,0,0,1,0,0,0,0,0
294,Non-Hispanic Native Hawaiian or Other Pacific Islander,0,0,0,0,0,0,0,0,0,0,0,0,0,0,0,0,0,0
295,Non-Hispanic Native Hawaiian or Other Pacific Islander,0,0,0,0,0,0,0,0,0,0,0,0,0,0,0,0,0,0
296,Non-Hispanic Native Hawaiian or Other Pacific Islander,0,0,0,0,0,0,0,0,0,0,0,0,0,0,0,0,0,0
297,Non-Hispanic Native Hawaiian or Other Pacific Islander,0,0,0,0,0,0,0,0,0,0,0,0,0,0,0,0,0,0
308,Non-Hispanic White,0,0,0,1,1,0,0,0,2,0,1,0,2,0,2,0,2,5
309,Non-Hispanic White,0,0,0,0,2,1,0,0,0,0,0,0,1,0,0,0,5,7
310,Non-Hispanic White,0,0,0,2,0,0,0,1,1,0,0,0,0,0,0,0,7,5
311,Non-Hispanic White,0,0,0,1,0,0,0,0,1,0,0,0,1,0,0,0,4,5
312,Non-Hispanic White,0,0,0,1,2,0,0,1,1,0,0,0,1,0,0,0,4,5
313,Non-Hispanic White,0,0,0,0,0,0,0,0,1,0,1,1,1,0,0,0,4,3
314,Non-Hispanic White,1,0,0,0,1,0,0,0,1,0,0,0,0,0,0,0,3,4
315,Non-Hispanic White,0,0,1,0,0,0,0,0,1,0,0,1,1,0,0,0,12,2
316,Non-Hispanic White,0,0,0,1,0,0,0,0,0,1,0,0,1,0,0,0,2,6
317,Non-Hispanic White,0,0,1,0,1,0,0,0,0,0,0,0,0,0,0,0,2,7
318,Non-Hispanic White,0,0,0,0,3,0,0,0,0,0,0,0,2,0,0,0,5,5
319,Non-Hispanic White,0,0,1,1,2,0,0,1,1,0,0,0,0,0,0,0,3,2
352,Hispanic,0,0,2,2,2,0,0,1,1,4,4,1,2,0,0,0,0,4
353,Hispanic,0,0,3,3,2,0,0,0,2,5,4,2,1,0,0,1,2,4
354,Hispanic,0,0,0,0,1,0,0,1,1,7,0,2,1,0,0,1,1,3
355,Hispanic,0,0,0,1,0,0,0,0,0,4,5,1,2,0,0,0,3,6
356,Hispanic,0,0,1,1,0,0,0,0,1,3,5,4,1,0,0,0,4,5
357,Hispanic,0,0,4,2,0,0,0,4,0,3,2,0,0,0,0,1,0,4
358,Hispanic,1,0,1,2,0,1,0,1,0,2,3,1,0,0,0,0,0,6
359,Hispanic,0,0,0,4,0,0,0,0,0,5,6,2,3,0,1,0,4,8
360,Hispanic,0,0,0,2,0,0,0,2,0,5,5,1,3,0,2,0,0,3
361,Hispanic,0,0,1,2,0,0,0,1,1,3,2,0,4,0,0,0,2,5
362,Hispanic,0,0,1,3,2,0,0,0,0,6,0,1,0,0,0,0,3,2
363,Hispanic,1,0,3,5,0,0,0,3,0,5,3,1,3,0,0,0,2,3
374,Non-Hispanic American Indian or Alaska Native,0,0,0,0,0,0,0,0,0,0,0,0,0,0,0,0,0,0
375,Non-Hispanic American Indian or Alaska Native,0,0,0,0,0,0,0,0,0,1,0,0,0,0,0,0,0,0
376,Non-Hispanic American Indian or Alaska Native,0,0,0,0,0,0,0,0,0,0,0,0,0,0,0,0,0,0
377,Non-Hispanic American Indian or Alaska Native,0,0,0,0,0,0,0,0,0,0,0,0,0,0,0,0,0,0
378,Non-Hispanic American Indian or Alaska Native,0,0,0,1,0,0,0,0,0,0,0,0,1,0,0,0,0,0
379,Non-Hispanic American Indian or Alaska Native,0,0,0,0,1,0,0,1,0,0,0,0,1,0,0,0,0,0
380,Non-Hispanic American Indian or Alaska Native,0,0,0,0,0,0,0,0,0,0,0,1,1,0,0,0,0,0
381,Non-Hispanic American Indian or Alaska Native,0,0,0,0,0,0,0,0,0,0,0,0,0,0,0,0,0,0
382,Non-Hispanic American Indian or Alaska Native,0,0,1,0,0,0,0,0,0,0,0,0,0,0,0,0,0,0
383,Non-Hispanic American Indian or Alaska Native,0,0,0,0,0,0,0,0,0,0,0,0,0,0,0,0,0,0
384,Non-Hispanic American Indian or Alaska Native,0,0,0,0,0,0,0,0,0,0,0,0,0,0,0,0,0,0
385,Non-Hispanic American Indian or Alaska Native,0,0,1,0,0,0,0,0,0,1,0,0,0,0,0,0,0,0
396,Non-Hispanic Asian,0,0,1,0,1,0,0,1,0,0,0,0,0,0,0,0,1,2
397,Non-Hispanic Asian,0,0,0,1,0,0,0,0,0,0,1,0,1,0,0,0,1,2
398,Non-Hispanic Asian,0,0,1,2,0,0,0,0,0,2,0,0,0,0,0,0,0,2
399,Non-Hispanic Asian,0,0,0,2,0,0,0,0,0,0,2,0,1,0,0,0,0,2
400,Non-Hispanic Asian,0,0,1,0,0,0,0,1,0,1,0,0,0,0,0,0,0,0
401,Non-Hispanic Asian,0,0,1,1,1,1,0,0,0,0,0,1,0,0,1,0,1,0
402,Non-Hispanic Asian,0,0,1,0,0,0,0,0,0,1,1,1,0,0,0,0,0,1
403,Non-Hispanic Asian,0,0,0,1,0,0,0,0,0,3,0,0,0,0,0,0,3,0
404,Non-Hispanic Asian,0,0,0,0,0,0,0,0,0,1,0,0,3,0,1,0,0,1
405,Non-Hispanic Asian,0,0,1,0,0,0,0,0,0,0,0,0,0,0,0,0,0,0
406,Non-Hispanic Asian,0,0,1,2,1,0,0,0,1,1,0,1,0,0,0,0,1,0
407,Non-Hispanic Asian,0,0,0,1,0,0,0,0,1,1,0,0,0,0,0,0,1,1
418,Non-Hispanic Black,0,0,1,1,0,0,0,2,1,14,1,0,0,0,4,0,0,3
419,Non-Hispanic Black,1,0,1,2,0,1,0,0,0,12,3,4,2,0,0,0,3,5
420,Non-Hispanic Black,0,0,0,1,0,0,0,0,0,5,1,0,2,0,0,0,2,2
421,Non-Hispanic Black,0,0,1,5,0,0,0,1,0,8,5,0,3,0,1,0,2,3
422,Non-Hispanic Black,0,0,0,5,0,2,0,1,0,10,1,3,1,0,1,1,2,3
423,Non-Hispanic Black,0,1,1,2,0,2,0,2,0,8,1,1,1,0,1,0,3,4
424,Non-Hispanic Black,0,0,2,4,2,0,0,1,0,8,7,0,2,0,0,0,0,3
425,Non-Hispanic Black,0,0,0,1,0,0,0,0,0,8,6,2,1,0,2,0,0,1
426,Non-Hispanic Black,0,1,0,0,2,0,0,0,0,5,3,0,0,0,0,0,3,6
427,Non-Hispanic Black,0,0,0,1,2,0,0,0,0,11,5,0,2,0,1,0,1,0
428,Non-Hispanic Black,0,0,2,2,0,0,0,0,0,4,1,0,2,0,1,0,0,3
429,Non-Hispanic Black,0,0,0,1,0,0,0,4,0,14,2,0,1,0,2,0,2,3
440,Non-Hispanic More than one race,0,0,0,0,0,0,0,0,0,0,0,0,0,0,0,0,0,3
441,Non-Hispanic More than one race,0,0,0,0,0,0,0,0,0,0,0,0,0,0,0,0,0,1
442,Non-Hispanic More than one race,0,0,0,0,0,0,0,0,0,0,0,0,0,0,0,0,1,0
443,Non-Hispanic More than one race,0,0,0,0,0,0,0,0,0,0,0,0,0,0,0,0,0,1
444,Non-Hispanic More than one race,0,0,0,0,0,0,0,0,0,1,0,0,0,0,1,0,0,0
445,Non-Hispanic More than one race,0,0,0,1,0,0,0,0,0,0,0,1,0,0,0,0,0,0
446,Non-Hispanic More than one race,0,0,0,0,0,0,0,0,0,0,0,0,0,0,0,0,0,0
447,Non-Hispanic More than one race,0,0,0,1,0,0,0,1,0,0,2,0,0,0,0,0,0,1
448,Non-Hispanic More than one race,0,0,0,0,0,1,0,0,0,0,1,1,0,0,0,0,0,0
449,Non-Hispanic More than one race,0,0,0,0,0,0,0,0,0,1,0,0,0,0,0,0,1,1
450,Non-Hispanic More than one race,0,0,0,0,1,0,0,0,0,0,1,0,0,0,0,0,0,0
451,Non-Hispanic More than one race,0,0,0,0,0,0,0,0,0,1,1,0,0,0,0,0,0,0
462,Non-Hispanic Native Hawaiian or Other Pacific Islander,0,0,0,0,0,0,0,0,0,0,0,0,0,0,0,0,0,0
463,Non-Hispanic Native Hawaiian or Other Pacific Islander,0,0,0,0,0,0,0,0,0,0,0,1,0,0,0,0,0,0
464,Non-Hispanic Native Hawaiian or Other Pacific Islander,0,0,0,0,0,0,0,0,0,0,0,0,0,0,0,0,0,0
465,Non-Hispanic Native Hawaiian or Other Pacific Islander,0,0,0,0,0,0,0,0,0,0,2,0,0,0,0,0,0,0
466,Non-Hispanic Native Hawaiian or Other Pacific Islander,0,0,0,0,0,0,0,0,0,0,0,0,1,0,0,0,0,0
467,Non-Hispanic Native Hawaiian or Other Pacific Islander,0,0,0,0,0,0,0,0,0,0,0,0,0,0,0,0,0,0
468,Non-Hispanic Native Hawaiian or Other Pacific Islander,0,0,0,0,0,0,0,0,0,0,0,0,0,0,0,1,0,0
469,Non-Hispanic Native Hawaiian or Other Pacific Islander,0,0,0,0,0,0,0,0,0,1,0,0,0,0,0,0,0,0
470,Non-Hispanic Native Hawaiian or Other Pacific Islander,0,0,0,0,0,0,0,0,0,0,0,0,0,0,0,0,0,0
471,Non-Hispanic Native Hawaiian or Other Pacific Islander,0,0,0,0,0,0,0,0,0,0,0,0,0,0,0,0,0,0
472,Non-Hispanic Native Hawaiian or Other Pacific Islander,0,0,0,0,0,0,0,0,0,0,0,0,0,0,0,0,0,0
473,Non-Hispanic Native Hawaiian or Other Pacific Islander,0,0,0,0,0,0,0,0,0,0,0,0,0,0,0,0,0,0
484,Non-Hispanic White,1,0,0,6,2,3,0,4,1,23,8,1,6,0,1,0,17,9
485,Non-Hispanic White,1,0,1,13,2,3,0,2,2,19,9,0,4,0,2,0,9,10
486,Non-Hispanic White,1,0,2,12,1,0,0,4,6,16,9,1,3,0,0,0,8,6
487,Non-Hispanic White,0,0,1,9,1,2,1,5,4,19,7,1,5,0,1,0,7,5
488,Non-Hispanic White,4,0,1,14,3,1,0,4,3,11,18,0,5,0,1,1,6,13
489,Non-Hispanic White,0,0,1,7,4,2,1,2,4,18,9,1,2,0,1,0,11,13
490,Non-Hispanic White,0,0,2,5,3,1,0,1,2,11,7,1,7,0,0,1,6,6
491,Non-Hispanic White,1,0,2,8,1,1,0,1,3,21,11,0,5,0,0,1,13,11
492,Non-Hispanic White,1,0,1,8,2,2,0,1,2,16,10,2,6,0,0,0,9,8
493,Non-Hispanic White,1,0,2,7,1,1,0,3,5,14,11,2,1,0,0,1,5,11
494,Non-Hispanic White,0,0,1,5,2,1,0,1,5,17,10,2,5,0,1,0,7,6
495,Non-Hispanic White,2,0,3,5,0,2,0,1,3,16,10,2,1,0,1,0,10,9
528,Hispanic,1,0,2,9,1,3,0,4,1,22,12,4,5,0,1,2,7,10
529,Hispanic,0,0,4,10,0,3,0,4,1,21,15,3,5,0,1,1,3,9
530,Hispanic,0,0,7,7,3,2,0,3,1,17,8,6,7,0,2,0,2,6
531,Hispanic,3,0,11,7,2,2,0,3,0,16,7,2,3,0,2,1,0,1
532,Hispanic,1,0,12,5,1,0,0,5,0,17,14,7,7,0,2,0,4,6
533,Hispanic,3,1,15,7,0,4,0,2,0,22,11,0,9,0,3,0,3,10
534,Hispanic,1,0,9,5,3,2,0,3,0,19,8,5,3,0,1,1,3,5
535,Hispanic,1,0,10,12,3,1,0,5,2,19,13,2,6,0,1,0,3,4
536,Hispanic,0,0,5,4,4,2,0,3,0,11,18,3,4,0,1,0,8,10
537,Hispanic,0,1,5,8,0,4,0,5,1,18,8,1,2,0,2,0,2,7
538,Hispanic,1,1,7,17,3,3,0,5,1,23,5,5,8,0,3,0,3,2
539,Hispanic,1,1,6,15,1,1,0,3,1,29,10,2,2,0,1,0,4,11
550,Non-Hispanic American Indian or Alaska Native,0,0,0,0,0,0,0,0,0,1,0,0,2,0,0,0,1,2
551,Non-Hispanic American Indian or Alaska Native,0,0,0,2,1,1,0,1,0,0,0,0,0,0,0,0,0,0
552,Non-Hispanic American Indian or Alaska Native,0,0,0,1,0,0,0,0,0,1,0,0,0,0,0,0,0,0
553,Non-Hispanic American Indian or Alaska Native,0,0,1,1,0,0,0,0,0,1,0,0,1,0,0,0,0,0
554,Non-Hispanic American Indian or Alaska Native,0,0,0,0,0,1,0,0,0,1,0,0,0,0,0,0,0,0
555,Non-Hispanic American Indian or Alaska Native,0,0,0,0,0,0,0,0,0,0,0,0,1,0,0,0,1,0
556,Non-Hispanic American Indian or Alaska Native,0,0,0,0,0,0,0,0,0,1,1,0,0,0,0,0,0,1
557,Non-Hispanic American Indian or Alaska Native,0,0,0,0,0,0,0,0,0,0,1,0,0,0,0,0,1,1
558,Non-Hispanic American Indian or Alaska Native,1,0,2,0,0,0,0,0,0,1,0,0,0,0,1,0,0,0
559,Non-Hispanic American Indian or Alaska Native,0,0,0,2,0,0,0,1,0,0,1,0,0,0,0,0,1,0
560,Non-Hispanic American Indian or Alaska Native,0,0,1,0,0,0,0,0,1,2,0,0,1,0,0,0,2,0
561,Non-Hispanic American Indian or Alaska Native,1,0,0,0,1,1,0,1,0,0,1,0,0,0,0,1,0,0
572,Non-Hispanic Asian,0,0,1,2,0,0,0,3,0,4,0,1,2,0,0,0,0,0
573,Non-Hispanic Asian,0,0,2,1,0,3,0,0,0,9,2,1,2,0,0,0,1,4
574,Non-Hispanic Asian,1,0,1,3,0,1,0,4,0,9,0,1,1,0,0,0,2,0
575,Non-Hispanic Asian,0,0,2,4,0,0,0,4,0,8,1,0,0,0,0,0,0,3
576,Non-Hispanic Asian,1,0,1,3,0,0,0,3,0,12,1,1,0,0,1,0,0,3
577,Non-Hispanic Asian,1,0,2,6,0,0,0,3,0,13,1,2,2,0,0,0,0,1
578,Non-Hispanic Asian,0,0,1,4,0,1,0,0,0,4,6,1,1,0,0,0,1,0
579,Non-Hispanic Asian,1,0,2,3,0,0,0,1,0,3,1,0,0,0,0,0,0,0
580,Non-Hispanic Asian,0,0,1,2,0,0,0,2,0,9,1,1,0,0,1,0,0,0
581,Non-Hispanic Asian,0,0,0,1,1,0,0,1,0,5,2,0,2,0,0,0,0,0
582,Non-Hispanic Asian,1,0,2,1,1,3,0,1,0,14,3,0,2,0,0,0,0,1
583,Non-Hispanic Asian,0,0,1,7,0,1,0,1,0,7,1,2,2,0,1,0,0,1
594,Non-Hispanic Black,0,0,3,12,0,4,0,3,0,29,10,1,5,0,0,1,1,11
595,Non-Hispanic Black,0,1,3,12,3,2,0,5,0,36,9,3,0,0,1,0,4,5
596,Non-Hispanic Black,0,0,1,10,0,2,0,2,0,50,1,3,3,0,1,0,1,7
597,Non-Hispanic Black,1,1,1,12,3,4,0,4,0,33,7,1,2,0,2,0,2,7
598,Non-Hispanic Black,0,2,2,10,1,1,0,5,0,31,7,2,1,0,1,2,3,6
599,Non-Hispanic Black,2,1,0,16,4,2,0,7,0,33,6,2,1,0,1,0,2,9
600,Non-Hispanic Black,2,0,2,9,1,3,0,5,0,32,10,6,5,0,3,3,4,6
601,Non-Hispanic Black,1,0,6,12,3,1,0,4,0,36,6,5,4,0,1,2,1,8
602,Non-Hispanic Black,2,0,2,13,3,4,0,7,0,33,12,1,5,0,0,0,2,10
603,Non-Hispanic Black,0,1,2,7,1,3,0,5,0,35,14,3,2,0,2,0,1,7
604,Non-Hispanic Black,1,0,2,7,1,4,0,3,1,30,2,6,2,0,1,0,5,9
605,Non-Hispanic Black,1,0,4,9,1,5,0,2,0,33,10,4,3,0,0,0,1,5
616,Non-Hispanic More than one race,0,0,0,0,0,1,0,0,0,4,1,0,0,0,0,0,1,0
617,Non-Hispanic More than one race,0,0,1,0,0,0,0,2,0,4,1,0,0,0,0,0,1,0
618,Non-Hispanic More than one race,0,0,0,0,0,0,0,1,0,1,0,0,0,0,0,0,0,0
619,Non-Hispanic More than one race,0,0,0,0,0,0,0,0,0,2,1,0,0,0,0,0,0,0
620,Non-Hispanic More than one race,0,0,0,0,0,0,0,0,0,1,0,0,0,0,0,0,0,0
621,Non-Hispanic More than one race,0,0,0,1,0,0,0,0,0,1,0,0,1,0,0,0,0,1
622,Non-Hispanic More than one race,0,0,0,1,0,0,0,0,0,1,0,0,1,0,0,0,0,1
623,Non-Hispanic More than one race,0,0,0,0,0,0,0,0,0,1,1,0,1,0,0,0,0,0
624,Non-Hispanic More than one race,0,0,0,0,0,0,0,0,0,0,1,0,0,0,0,0,0,2
625,Non-Hispanic More than one race,0,0,0,1,0,1,0,0,0,1,0,0,0,0,0,0,0,1
626,Non-Hispanic More than one race,0,0,1,1,0,0,0,0,0,1,1,0,0,0,0,0,0,0
627,Non-Hispanic More than one race,0,0,0,0,0,0,0,0,0,1,0,1,0,0,0,0,0,1
638,Non-Hispanic Native Hawaiian or Other Pacific Islander,0,0,0,0,0,0,0,0,0,0,0,0,0,0,0,0,0,0
639,Non-Hispanic Native Hawaiian or Other Pacific Islander,0,0,0,0,0,1,0,0,0,0,1,0,1,0,0,0,0,0
640,Non-Hispanic Native Hawaiian or Other Pacific Islander,0,0,0,0,1,1,0,0,0,0,1,0,0,0,0,0,0,0
641,Non-Hispanic Native Hawaiian or Other Pacific Islander,0,0,0,0,0,0,0,0,0,1,0,0,0,0,0,0,0,0
642,Non-Hispanic Native Hawaiian or Other Pacific Islander,0,0,0,0,0,0,0,0,0,0,0,0,0,0,0,0,0,1
644,Non-Hispanic Native Hawaiian or Other Pacific Islander,0,0,0,0,0,0,0,0,0,1,0,0,0,0,0,0,0,0
645,Non-Hispanic Native Hawaiian or Other Pacific Islander,0,0,0,0,0,0,0,0,0,1,0,0,1,0,0,0,0,0
646,Non-Hispanic Native Hawaiian or Other Pacific Islander,0,0,1,0,1,0,0,0,0,1,0,0,0,0,0,0,0,0
647,Non-Hispanic Native Hawaiian or Other Pacific Islander,0,0,0,0,1,0,0,1,0,1,1,0,0,0,0,0,0,0
648,Non-Hispanic Native Hawaiian or Other Pacific Islander,0,0,0,0,0,0,0,0,0,0,1,0,0,0,0,0,0,0
649,Non-Hispanic Native Hawaiian or Other Pacific Islander,0,0,0,1,0,0,0,0,0,0,0,0,1,0,0,0,0,0
650,Non-Hispanic Native Hawaiian or Other Pacific Islander,0,0,0,0,0,0,0,0,0,0,0,0,0,0,0,0,0,0
661,Non-Hispanic White,2,1,3,27,1,7,0,26,10,92,28,9,11,0,0,3,13,15
662,Non-Hispanic White,1,1,6,24,8,10,0,13,14,112,24,6,12,0,2,1,12,13
663,Non-Hispanic White,2,2,4,32,8,11,0,19,9,70,33,7,11,0,2,0,25,11
664,Non-Hispanic White,1,1,4,27,5,9,0,18,8,84,38,11,12,0,4,2,13,18
665,Non-Hispanic White,6,1,5,34,2,3,1,12,7,72,35,7,16,0,1,1,18,14
666,Non-Hispanic White,4,3,5,29,3,7,0,12,12,78,25,3,16,0,0,2,21,19
667,Non-Hispanic White,2,0,3,30,6,14,0,13,9,80,26,5,13,0,3,0,20,21
668,Non-Hispanic White,5,1,4,34,8,13,1,20,8,73,24,9,14,0,2,1,18,16
669,Non-Hispanic White,6,1,6,34,6,9,0,18,10,81,24,2,13,0,7,1,14,24
670,Non-Hispanic White,9,2,5,36,8,4,0,13,10,79,34,10,17,0,2,0,21,22
671,Non-Hispanic White,5,2,8,38,6,7,0,27,10,85,34,14,21,0,0,2,18,15
672,Non-Hispanic White,2,2,5,31,2,9,1,15,10,80,26,13,10,0,0,0,18,20
705,Hispanic,1,1,9,27,9,16,0,12,2,55,17,11,14,0,3,0,8,14
706,Hispanic,3,2,12,25,4,10,0,9,1,49,20,13,10,0,3,0,5,10
707,Hispanic,1,0,10,28,11,8,1,17,0,56,11,8,18,0,4,0,5,11
708,Hispanic,2,2,12,17,7,5,0,14,3,54,10,8,14,0,5,1,4,17
709,Hispanic,2,1,14,20,7,12,0,7,2,50,11,13,17,0,0,2,7,13
710,Hispanic,1,1,7,15,12,11,0,14,0,51,10,10,13,0,0,0,8,11
711,Hispanic,2,2,16,18,10,14,0,10,3,52,10,15,11,0,1,1,5,9
712,Hispanic,1,0,13,19,10,9,1,10,1,59,16,11,19,0,1,1,6,11
713,Hispanic,2,2,10,20,6,5,1,11,2,46,8,10,13,0,5,1,8,10
714,Hispanic,3,1,14,23,3,14,0,10,1,60,12,13,11,0,5,0,8,11
715,Hispanic,2,2,12,25,10,11,0,11,0,50,13,11,18,0,5,2,10,13
716,Hispanic,1,0,11,17,6,8,0,10,2,39,17,15,16,0,1,1,7,9
727,Non-Hispanic American Indian or Alaska Native,0,0,0,1,4,0,1,2,0,1,0,1,1,0,0,0,2,1
728,Non-Hispanic American Indian or Alaska Native,0,0,1,1,1,1,0,0,0,2,0,1,0,0,0,0,0,1
729,Non-Hispanic American Indian or Alaska Native,1,0,0,1,0,1,1,2,0,2,1,0,1,0,0,0,0,0
730,Non-Hispanic American Indian or Alaska Native,0,1,0,0,0,1,0,1,0,2,0,0,0,0,0,1,1,0
731,Non-Hispanic American Indian or Alaska Native,0,0,0,1,0,4,0,1,0,1,1,2,0,0,0,0,0,1
732,Non-Hispanic American Indian or Alaska Native,0,0,1,0,0,0,0,0,0,3,0,0,0,0,1,1,0,0
733,Non-Hispanic American Indian or Alaska Native,0,0,0,1,1,1,1,2,1,2,0,0,1,0,0,0,0,0
734,Non-Hispanic American Indian or Alaska Native,0,0,1,1,0,2,0,2,0,3,0,0,1,0,0,0,0,1
735,Non-Hispanic American Indian or Alaska Native,0,0,0,3,0,1,0,3,0,5,0,2,0,0,0,1,0,0
736,Non-Hispanic American Indian or Alaska Native,0,1,0,2,1,2,0,2,0,2,2,2,1,0,1,0,0,1
737,Non-Hispanic American Indian or Alaska Native,1,0,0,3,1,1,0,1,0,2,1,0,0,0,0,0,0,0
738,Non-Hispanic American Indian or Alaska Native,0,0,0,0,1,0,0,1,0,3,0,0,2,0,0,0,0,0
749,Non-Hispanic Asian,0,1,5,5,3,1,0,6,0,14,3,3,10,0,1,0,1,1
750,Non-Hispanic Asian,1,0,1,9,4,3,0,10,0,16,4,9,2,0,0,0,1,3
751,Non-Hispanic Asian,1,0,2,7,1,1,0,6,0,26,1,7,11,0,1,0,0,3
752,Non-Hispanic Asian,1,0,4,7,2,1,0,7,0,22,6,3,7,0,0,0,4,4
753,Non-Hispanic Asian,1,0,2,9,1,5,0,7,0,22,6,4,8,0,0,0,3,3
754,Non-Hispanic Asian,2,0,7,9,1,1,0,15,0,19,1,5,3,0,0,0,3,5
755,Non-Hispanic Asian,0,1,3,7,1,4,0,8,0,15,8,4,7,0,2,0,2,0
756,Non-Hispanic Asian,0,1,4,7,2,2,0,8,0,17,4,4,4,0,2,0,1,5
757,Non-Hispanic Asian,2,1,3,8,5,1,0,7,0,24,4,4,10,0,2,0,4,0
758,Non-Hispanic Asian,0,0,7,9,1,5,0,6,1,17,4,4,9,0,0,0,2,2
759,Non-Hispanic Asian,4,1,3,8,3,2,0,8,0,7,1,3,3,0,3,0,1,4
760,Non-Hispanic Asian,1,0,2,8,2,2,0,8,0,19,3,4,8,0,2,0,3,4
771,Non-Hispanic Black,5,3,7,31,4,19,1,35,0,106,8,12,12,0,2,1,6,19
772,Non-Hispanic Black,1,2,6,29,6,10,0,21,0,89,14,13,8,0,4,2,2,24
773,Non-Hispanic Black,3,3,9,27,11,11,2,27,1,86,8,10,10,0,4,1,3,19
774,Non-Hispanic Black,3,1,6,36,7,16,0,19,1,87,11,8,11,0,1,0,3,16
775,Non-Hispanic Black,1,6,6,27,3,8,0,29,0,90,7,12,14,0,4,1,8,18
776,Non-Hispanic Black,2,3,5,34,11,10,2,23,0,85,16,7,9,0,2,4,5,12
777,Non-Hispanic Black,1,0,7,32,9,23,0,26,1,75,20,11,8,0,4,3,6,14
778,Non-Hispanic Black,2,2,8,30,8,25,1,26,0,67,13,8,9,0,5,1,3,13
779,Non-Hispanic Black,4,2,6,28,2,15,2,31,1,86,7,8,9,0,3,2,6,15
780,Non-Hispanic Black,1,1,8,36,5,13,1,30,0,72,6,12,14,0,2,0,4,12
781,Non-Hispanic Black,0,1,4,22,7,10,0,18,1,61,7,10,6,0,5,1,9,14
782,Non-Hispanic Black,2,0,2,34,7,16,2,28,1,69,8,7,9,0,3,1,1,18
793,Non-Hispanic More than one race,0,0,1,1,0,0,0,1,0,1,0,1,1,0,0,0,0,0
794,Non-Hispanic More than one race,0,0,0,1,0,0,0,3,0,1,0,0,0,0,0,0,0,0
795,Non-Hispanic More than one race,0,0,0,2,0,0,0,0,0,4,1,0,2,0,0,0,0,0
796,Non-Hispanic More than one race,0,0,0,0,0,2,0,1,0,3,1,0,1,0,0,0,2,2
797,Non-Hispanic More than one race,0,0,0,2,0,1,0,0,0,3,2,0,1,0,0,0,0,1
799,Non-Hispanic More than one race,0,0,0,2,0,1,0,2,0,3,0,0,1,0,1,0,0,0
800,Non-Hispanic More than one race,1,0,0,4,2,1,0,1,1,2,0,1,0,0,1,0,0,1
801,Non-Hispanic More than one race,0,0,1,1,0,0,0,2,0,2,0,1,1,0,1,0,0,0
802,Non-Hispanic More than one race,0,0,0,1,0,2,0,0,0,6,0,0,0,0,0,0,2,0
803,Non-Hispanic More than one race,0,0,1,0,0,1,0,2,0,2,1,0,3,0,0,0,0,0
804,Non-Hispanic More than one race,0,0,0,3,0,0,0,0,0,3,0,2,0,0,0,0,0,2
805,Non-Hispanic More than one race,0,0,0,3,0,0,0,1,0,2,2,1,1,0,0,0,1,0
816,Non-Hispanic Native Hawaiian or Other Pacific Islander,0,0,0,0,0,0,0,1,0,0,0,1,0,0,0,0,0,1
817,Non-Hispanic Native Hawaiian or Other Pacific Islander,1,0,0,0,0,0,0,0,0,0,0,2,0,0,0,0,0,0
818,Non-Hispanic Native Hawaiian or Other Pacific Islander,0,0,0,1,1,1,0,1,0,0,1,0,0,0,0,0,0,1
819,Non-Hispanic Native Hawaiian or Other Pacific Islander,1,0,0,0,0,0,0,0,0,0,0,2,0,0,0,0,0,0
820,Non-Hispanic Native Hawaiian or Other Pacific Islander,0,0,1,0,1,0,0,0,0,2,0,0,2,0,0,0,0,0
821,Non-Hispanic Native Hawaiian or Other Pacific Islander,0,0,0,1,0,0,0,0,0,2,0,3,1,0,0,0,0,0
822,Non-Hispanic Native Hawaiian or Other Pacific Islander,0,0,0,0,0,0,0,0,0,0,1,0,1,0,0,0,0,0
823,Non-Hispanic Native Hawaiian or Other Pacific Islander,0,0,0,0,0,0,0,0,0,2,0,1,0,0,0,0,0,0
824,Non-Hispanic Native Hawaiian or Other Pacific Islander,0,0,0,1,0,0,0,0,0,0,0,2,1,0,0,0,0,0
825,Non-Hispanic Native Hawaiian or Other Pacific Islander,0,0,0,1,0,0,0,1,0,1,2,0,1,0,1,0,0,1
826,Non-Hispanic Native Hawaiian or Other Pacific Islander,0,0,0,1,0,0,0,1,0,0,0,0,0,0,0,0,1,0
827,Non-Hispanic Native Hawaiian or Other Pacific Islander,0,0,0,0,0,1,0,1,0,1,0,1,0,0,1,0,0,0
838,Non-Hispanic White,16,10,15,103,28,54,0,160,11,234,37,32,60,0,13,10,48,48
839,Non-Hispanic White,11,11,15,118,22,60,4,170,17,231,39,28,62,0,14,4,35,48
840,Non-Hispanic White,16,7,12,95,22,51,3,150,18,228,32,34,52,0,16,8,42,41
841,Non-Hispanic White,12,13,12,109,24,48,3,162,21,223,37,31,52,0,15,6,44,40
842,Non-Hispanic White,11,17,15,103,27,43,4,141,19,207,45,18,50,0,11,7,36,50
843,Non-Hispanic White,12,13,14,98,19,55,3,166,20,214,44,30,52,0,13,8,43,48
844,Non-Hispanic White,9,11,17,130,23,68,3,160,18,206,29,29,47,0,12,9,45,52
845,Non-Hispanic White,19,5,12,98,24,54,6,169,12,213,59,27,58,0,14,8,39,49
846,Non-Hispanic White,15,13,18,96,23,42,2,141,18,203,37,31,54,0,11,5,34,36
847,Non-Hispanic White,15,9,11,115,24,53,7,146,21,215,46,30,46,0,11,2,53,53
848,Non-Hispanic White,12,10,12,106,21,36,2,141,20,221,46,30,61,0,8,5,46,42
849,Non-Hispanic White,12,13,12,105,17,50,2,153,13,223,45,39,72,0,11,6,52,42
882,Hispanic,0,4,19,44,21,29,1,41,4,72,12,18,35,0,10,7,7,24
883,Hispanic,6,2,16,29,20,27,2,32,0,59,10,17,24,0,9,3,4,15
884,Hispanic,5,1,13,36,22,33,0,42,1,69,15,29,25,0,14,3,10,19
885,Hispanic,2,4,15,38,32,23,1,27,4,74,10,19,16,0,7,2,11,22
886,Hispanic,1,0,10,32,27,39,1,33,1,62,8,17,28,0,5,2,13,18
887,Hispanic,2,3,17,36,22,26,1,39,2,73,7,24,21,0,6,2,11,19
888,Hispanic,2,3,15,26,28,19,0,35,4,60,11,27,22,0,5,2,14,32
889,Hispanic,1,4,22,33,29,23,0,44,2,66,8,24,22,0,15,4,8,26
890,Hispanic,3,1,12,42,29,23,0,34,2,60,14,27,20,0,10,1,11,24
891,Hispanic,2,3,13,21,19,37,1,48,2,66,6,20,19,0,9,3,9,26
892,Hispanic,3,1,15,32,22,23,0,41,2,56,5,16,25,0,4,2,16,16
893,Hispanic,3,1,16,37,28,23,1,34,3,62,14,19,19,0,2,2,12,25
904,Non-Hispanic American Indian or Alaska Native,1,0,1,4,3,0,0,12,0,2,1,2,0,0,0,1,0,1
905,Non-Hispanic American Indian or Alaska Native,0,0,0,1,6,3,0,4,0,1,3,1,0,0,1,1,0,1
906,Non-Hispanic American Indian or Alaska Native,2,0,0,0,2,1,0,7,0,5,0,1,1,0,1,0,0,2
907,Non-Hispanic American Indian or Alaska Native,0,0,0,3,1,2,0,4,0,4,0,1,0,0,1,0,0,2
908,Non-Hispanic American Indian or Alaska Native,0,1,0,5,0,1,0,8,0,1,3,2,4,0,2,1,0,2
909,Non-Hispanic American Indian or Alaska Native,0,0,0,5,2,2,0,3,1,3,0,0,2,0,1,0,3,0
910,Non-Hispanic American Indian or Alaska Native,1,3,0,2,0,2,0,6,1,8,0,1,1,0,2,0,1,0
911,Non-Hispanic American Indian or Alaska Native,1,0,0,3,3,3,0,9,0,6,0,0,2,0,2,1,0,2
912,Non-Hispanic American Indian or Alaska Native,0,1,0,3,5,3,0,8,0,2,0,0,2,0,1,0,0,0
913,Non-Hispanic American Indian or Alaska Native,0,0,0,0,2,5,1,8,0,1,0,1,2,0,1,0,1,2
914,Non-Hispanic American Indian or Alaska Native,0,0,1,5,0,2,0,5,0,4,1,0,1,0,1,0,0,1
915,Non-Hispanic American Indian or Alaska Native,1,2,0,2,3,2,0,8,0,3,1,1,1,0,1,0,0,1
927,Non-Hispanic Asian,3,0,6,14,7,8,0,15,0,16,3,8,8,0,1,1,4,8
928,Non-Hispanic Asian,3,3,6,18,8,11,0,23,0,21,1,15,9,0,1,1,2,5
929,Non-Hispanic Asian,6,0,7,7,6,5,1,23,1,28,3,9,10,0,2,1,9,6
930,Non-Hispanic Asian,3,1,8,13,8,7,0,21,1,26,4,7,15,0,1,1,4,9
931,Non-Hispanic Asian,2,1,5,7,5,11,0,22,0,23,3,4,14,0,1,1,3,11
932,Non-Hispanic Asian,2,2,9,9,5,9,0,19,1,19,4,9,8,0,2,1,5,7
933,Non-Hispanic Asian,1,0,8,9,8,14,0,22,0,22,1,7,16,0,2,0,1,8
934,Non-Hispanic Asian,4,0,3,11,1,7,0,30,0,29,5,11,10,0,1,2,2,5
935,Non-Hispanic Asian,2,0,4,17,10,14,0,29,2,18,10,10,10,0,2,1,5,12
936,Non-Hispanic Asian,2,1,1,11,7,12,0,18,0,24,3,10,10,0,0,1,4,11
937,Non-Hispanic Asian,2,0,3,22,9,9,0,30,0,20,4,9,10,0,2,0,6,6
938,Non-Hispanic Asian,2,0,4,15,9,10,0,23,2,25,2,5,9,0,0,2,4,10
949,Non-Hispanic Black,8,17,14,54,36,52,2,139,3,122,22,55,22,0,10,5,18,46
950,Non-Hispanic Black,11,12,14,49,22,51,2,129,1,118,21,54,34,0,12,2,13,35
951,Non-Hispanic Black,10,11,9,53,29,54,1,129,0,135,12,44,33,0,7,4,14,53
952,Non-Hispanic Black,8,7,8,58,28,62,6,118,4,127,14,49,30,0,7,3,20,34
953,Non-Hispanic Black,9,10,17,79,18,48,1,100,1,142,19,52,27,0,10,5,8,36
954,Non-Hispanic Black,8,5,12,58,29,46,3,126,2,128,11,49,31,0,7,7,10,43
955,Non-Hispanic Black,8,9,16,52,31,64,1,126,1,139,11,45,33,0,12,8,5,51
956,Non-Hispanic Black,12,13,11,47,14,61,1,139,0,133,14,55,25,0,6,10,12,34
957,Non-Hispanic Black,13,11,13,49,23,58,1,121,2,130,18,40,31,0,6,9,12,30
958,Non-Hispanic Black,6,7,12,55,31,54,0,125,0,126,19,66,31,0,6,6,16,50
959,Non-Hispanic Black,7,9,15,62,23,57,3,91,3,142,19,54,42,0,6,6,8,38
960,Non-Hispanic Black,7,14,7,72,24,57,2,154,1,170,17,56,26,0,7,4,15,50
971,Non-Hispanic More than one race,1,0,0,2,2,2,0,7,0,6,0,1,2,0,1,0,0,2
972,Non-Hispanic More than one race,0,0,0,2,3,1,0,10,0,4,0,0,0,0,1,0,0,2
973,Non-Hispanic More than one race,1,0,0,5,1,0,0,3,0,5,1,2,2,0,0,0,0,2
974,Non-Hispanic More than one race,0,1,1,0,2,1,0,4,0,10,0,0,1,0,1,0,0,4
975,Non-Hispanic More than one race,0,0,0,0,1,1,0,7,0,4,0,1,0,0,1,0,1,4
976,Non-Hispanic More than one race,0,0,1,1,3,0,0,5,0,1,0,2,2,0,1,0,1,0
977,Non-Hispanic More than one race,1,0,0,4,2,2,0,4,0,4,1,2,0,0,0,0,0,1
978,Non-Hispanic More than one race,0,0,0,3,1,1,0,8,0,3,0,2,0,0,1,0,0,0
979,Non-Hispanic More than one race,1,0,0,0,1,1,0,1,0,6,1,1,1,0,0,0,2,1
980,Non-Hispanic More than one race,0,0,1,1,1,3,0,6,0,1,0,1,6,0,0,0,2,0
981,Non-Hispanic More than one race,1,0,3,1,1,1,0,7,0,3,1,2,0,0,0,0,0,4
982,Non-Hispanic More than one race,0,0,0,3,1,2,0,5,0,5,0,2,2,0,0,2,2,2
993,Non-Hispanic Native Hawaiian or Other Pacific Islander,0,0,1,0,2,0,0,2,0,1,0,2,1,0,0,0,0,0
994,Non-Hispanic Native Hawaiian or Other Pacific Islander,0,0,0,1,2,0,0,3,0,1,0,0,0,0,0,0,0,1
995,Non-Hispanic Native Hawaiian or Other Pacific Islander,1,0,0,1,0,0,0,0,0,4,0,0,0,0,1,0,0,0
996,Non-Hispanic Native Hawaiian or Other Pacific Islander,0,0,0,0,1,0,0,2,0,0,0,4,0,0,0,0,1,0
997,Non-Hispanic Native Hawaiian or Other Pacific Islander,0,1,0,1,0,1,0,0,0,1,2,0,0,0,0,0,0,1
998,Non-Hispanic Native Hawaiian or Other Pacific Islander,0,0,0,1,0,1,0,2,0,0,0,2,0,0,0,0,0,0
999,Non-Hispanic Native Hawaiian or Other Pacific Islander,0,0,1,2,0,0,0,1,0,1,0,1,0,0,0,0,2,1
1000,Non-Hispanic Native Hawaiian or Other Pacific Islander,0,0,0,0,0,0,0,2,0,4,0,0,0,0,0,0,0,0
1001,Non-Hispanic Native Hawaiian or Other Pacific Islander,0,0,0,1,2,1,0,5,0,2,0,0,0,0,0,0,0,0
1002,Non-Hispanic Native Hawaiian or Other Pacific Islander,0,1,0,1,0,0,0,1,0,1,1,1,2,0,0,0,0,1
1003,Non-Hispanic Native Hawaiian or Other Pacific Islander,0,0,1,0,0,1,0,1,0,4,0,2,0,0,0,0,0,0
1004,Non-Hispanic Native Hawaiian or Other Pacific Islander,0,0,0,0,0,0,0,1,0,1,0,0,0,0,0,0,0,0
1015,Non-Hispanic White,54,37,33,254,92,215,12,848,39,506,66,116,192,0,44,16,113,172
1016,Non-Hispanic White,41,45,23,228,70,197,16,738,42,486,59,113,179,0,39,33,117,154
1017,Non-Hispanic White,46,41,43,250,99,205,17,782,43,496,45,123,188,0,44,29,109,149
1018,Non-Hispanic White,52,42,29,226,98,198,14,770,31,489,49,133,170,0,47,26,123,155
1019,Non-Hispanic White,33,39,31,229,105,182,13,803,36,489,57,127,145,0,41,25,113,144
1020,Non-Hispanic White,53,36,19,251,86,195,9,755,43,450,52,100,139,0,42,28,99,138
1021,Non-Hispanic White,42,44,29,226,87,228,13,798,38,500,55,110,171,0,45,28,116,151
1022,Non-Hispanic White,53,48,26,261,88,222,7,912,47,459,48,144,169,0,36,37,114,151
1023,Non-Hispanic White,46,38,29,246,71,206,13,783,35,469,51,121,173,0,46,37,106,131
1024,Non-Hispanic White,48,30,31,257,89,202,16,814,32,491,56,133,145,0,54,23,116,151
1025,Non-Hispanic White,38,35,28,235,83,218,13,745,32,459,43,115,181,0,40,32,107,142
1026,Non-Hispanic White,35,45,33,250,111,229,12,840,38,489,43,146,174,0,50,28,120,138
1056,Hispanic,4,2,12,35,30,50,1,52,1,63,8,32,25,0,5,5,14,34
1057,Hispanic,3,3,10,35,41,35,3,44,1,56,5,28,20,0,13,3,14,39
1058,Hispanic,0,5,12,32,32,36,0,62,0,61,12,27,24,0,10,2,8,34
1059,Hispanic,2,2,16,36,36,46,1,48,1,53,4,27,26,0,9,5,6,31
1060,Hispanic,3,3,19,30,34,42,1,52,3,52,9,25,19,0,11,2,7,45
1061,Hispanic,2,3,16,25,29,35,1,50,3,59,10,20,21,0,11,5,16,52
1062,Hispanic,4,6,9,38,35,47,2,62,1,56,8,31,21,0,12,4,16,43
1063,Hispanic,4,2,19,36,30,33,0,46,3,48,10,28,22,0,13,4,11,37
1064,Hispanic,3,0,28,29,35,34,1,55,6,66,5,31,28,0,12,3,14,42
1065,Hispanic,1,3,14,42,34,47,1,69,2,61,4,29,34,0,8,3,13,39
1066,Hispanic,3,6,13,29,31,47,1,57,0,55,8,24,13,0,9,4,12,35
1067,Hispanic,4,2,22,35,30,50,0,68,0,59,7,30,25,0,10,4,15,37
1079,Non-Hispanic American Indian or Alaska Native,0,1,1,3,2,0,0,13,0,4,0,1,1,0,0,0,0,4
1080,Non-Hispanic American Indian or Alaska Native,0,0,1,3,3,1,0,9,0,1,0,1,3,0,1,1,1,1
1081,Non-Hispanic American Indian or Alaska Native,0,0,0,5,3,2,1,7,0,1,3,1,1,0,3,1,0,2
1082,Non-Hispanic American Indian or Alaska Native,1,0,0,3,3,3,0,7,0,4,0,1,1,0,0,1,0,3
1083,Non-Hispanic American Indian or Alaska Native,1,0,0,1,4,3,0,7,0,5,1,0,1,0,1,1,0,4
1084,Non-Hispanic American Indian or Alaska Native,0,1,2,5,3,3,0,5,0,3,1,0,1,0,0,0,2,3
1085,Non-Hispanic American Indian or Alaska Native,0,0,1,3,1,2,0,5,0,3,0,2,1,0,1,1,1,2
1086,Non-Hispanic American Indian or Alaska Native,1,0,2,2,2,3,0,12,0,3,0,1,5,0,1,0,0,2
1087,Non-Hispanic American Indian or Alaska Native,0,2,0,1,4,4,0,10,0,5,1,1,2,0,0,0,0,1
1088,Non-Hispanic American Indian or Alaska Native,1,1,1,4,1,4,1,8,1,4,0,1,1,0,1,0,0,2
1089,Non-Hispanic American Indian or Alaska Native,0,0,1,1,2,3,0,7,0,7,1,4,2,0,0,0,0,1
1090,Non-Hispanic American Indian or Alaska Native,0,0,0,3,1,2,0,10,0,4,1,1,4,0,2,0,2,4
1101,Non-Hispanic Asian,1,2,9,10,9,26,2,48,1,25,5,11,11,0,2,2,3,14
1102,Non-Hispanic Asian,1,0,6,15,16,15,0,40,0,23,2,15,11,0,2,1,3,18
1103,Non-Hispanic Asian,2,4,5,9,10,25,0,35,1,23,2,7,12,0,1,0,8,13
1104,Non-Hispanic Asian,3,1,3,11,18,19,0,34,0,25,1,8,9,0,3,2,4,22
1105,Non-Hispanic Asian,2,0,12,19,15,12,0,38,0,24,1,10,9,0,3,1,6,21
1106,Non-Hispanic Asian,1,2,4,14,8,21,0,34,0,29,3,14,9,0,1,0,5,11
1107,Non-Hispanic Asian,6,1,7,13,11,22,0,41,2,29,2,16,10,0,1,0,4,18
1108,Non-Hispanic Asian,3,2,8,20,16,11,1,43,0,32,1,8,9,0,2,2,6,16
1109,Non-Hispanic Asian,2,1,3,16,9,17,0,37,0,23,3,11,12,0,2,1,7,14
1110,Non-Hispanic Asian,3,2,9,19,11,20,0,35,0,28,7,8,14,0,2,4,4,12
1111,Non-Hispanic Asian,3,2,8,19,19,18,0,40,0,32,3,16,15,0,1,1,6,13
1112,Non-Hispanic Asian,3,1,8,20,14,18,0,33,1,23,3,5,9,0,2,1,4,17
1123,Non-Hispanic Black,10,8,20,80,30,75,2,203,2,150,12,67,42,0,9,8,10,57
1124,Non-Hispanic Black,3,13,13,59,22,91,1,173,3,107,13,78,34,0,12,16,11,62
1125,Non-Hispanic Black,10,12,17,69,46,98,3,176,4,136,17,74,30,0,10,16,9,59
1126,Non-Hispanic Black,7,10,20,78,27,64,2,152,2,142,17,65,35,0,17,6,12,59
1127,Non-Hispanic Black,8,8,20,74,30,84,7,215,1,115,11,80,28,0,12,11,17,51
1128,Non-Hispanic Black,2,5,17,69,32,79,4,162,2,139,9,94,35,0,13,8,5,69
1129,Non-Hispanic Black,5,6,20,77,30,88,1,184,0,142,13,80,26,0,16,10,12,53
1130,Non-Hispanic Black,6,6,21,75,36,94,5,158,0,124,13,81,31,0,16,9,11,61
1131,Non-Hispanic Black,10,9,15,84,34,73,5,179,0,121,13,69,33,0,7,15,10,55
1132,Non-Hispanic Black,8,18,17,72,39,74,4,191,2,139,14,90,40,0,16,13,18,61
1133,Non-Hispanic Black,11,7,20,74,28,80,6,163,3,125,13,78,34,0,14,8,16,60
1134,Non-Hispanic Black,12,8,8,78,44,87,2,180,2,135,17,68,37,0,9,16,15,59
1145,Non-Hispanic More than one race,0,1,0,1,2,2,0,10,0,2,1,2,0,0,0,0,4,2
1146,Non-Hispanic More than one race,0,0,0,5,2,0,0,4,0,5,0,2,1,0,1,0,0,2
1147,Non-Hispanic More than one race,0,0,0,3,1,0,0,13,0,4,0,1,2,0,2,0,0,4
1148,Non-Hispanic More than one race,0,0,2,4,1,2,0,8,0,5,0,1,0,0,0,1,1,2
1149,Non-Hispanic More than one race,0,0,0,4,0,6,0,1,0,4,0,2,2,0,0,1,1,3
1150,Non-Hispanic More than one race,1,1,1,2,3,0,0,9,0,4,0,1,2,0,0,1,1,2
1151,Non-Hispanic More than one race,0,0,1,2,3,1,0,6,0,5,0,1,2,0,0,0,1,2
1152,Non-Hispanic More than one race,0,1,1,0,2,0,0,4,0,6,0,2,1,0,0,0,1,2
1153,Non-Hispanic More than one race,0,0,1,1,2,1,1,9,0,2,2,0,3,0,1,0,1,2
1154,Non-Hispanic More than one race,0,0,0,2,2,1,0,13,0,5,1,0,3,0,0,0,0,2
1155,Non-Hispanic More than one race,1,0,0,1,4,1,0,7,0,5,0,2,1,0,1,0,1,5
1156,Non-Hispanic More than one race,0,0,2,3,1,2,0,5,0,1,1,1,2,0,1,0,1,5
1167,Non-Hispanic Native Hawaiian or Other Pacific Islander,0,0,0,1,2,2,0,5,0,4,0,1,0,0,0,0,0,0
1168,Non-Hispanic Native Hawaiian or Other Pacific Islander,1,0,0,0,0,0,0,1,0,1,0,1,0,0,0,0,0,2
1169,Non-Hispanic Native Hawaiian or Other Pacific Islander,0,1,0,0,0,2,0,1,1,2,0,0,0,0,0,0,0,0
1170,Non-Hispanic Native Hawaiian or Other Pacific Islander,0,0,0,3,0,1,0,0,0,0,0,0,0,0,0,0,1,0
1171,Non-Hispanic Native Hawaiian or Other Pacific Islander,0,0,1,0,0,1,0,1,0,2,0,0,0,0,0,0,0,0
1172,Non-Hispanic Native Hawaiian or Other Pacific Islander,1,0,0,0,1,1,0,1,0,3,0,1,0,0,0,0,0,1
1173,Non-Hispanic Native Hawaiian or Other Pacific Islander,0,0,0,0,0,2,0,1,0,1,0,0,0,0,0,0,1,3
1174,Non-Hispanic Native Hawaiian or Other Pacific Islander,0,0,1,3,1,0,0,0,0,2,0,2,1,0,0,0,0,0
1175,Non-Hispanic Native Hawaiian or Other Pacific Islander,0,1,0,0,0,1,0,1,0,5,0,1,0,0,0,0,0,1
1176,Non-Hispanic Native Hawaiian or Other Pacific Islander,0,0,0,1,0,2,0,2,0,0,0,0,0,0,0,0,0,1
1177,Non-Hispanic Native Hawaiian or Other Pacific Islander,0,0,0,0,0,1,0,0,0,4,0,0,1,0,0,0,0,0
1178,Non-Hispanic Native Hawaiian or Other Pacific Islander,1,0,0,0,0,0,0,3,0,0,0,1,1,0,0,0,0,1
1189,Non-Hispanic White,49,75,47,354,178,383,18,1452,52,730,43,227,277,0,86,60,172,389
1190,Non-Hispanic White,53,54,57,325,163,376,11,1261,46,650,43,226,271,0,76,58,140,364
1191,Non-Hispanic White,53,49,52,330,178,448,12,1428,47,667,50,230,251,0,77,53,176,374
1192,Non-Hispanic White,61,67,57,308,164,385,13,1393,52,604,46,231,249,0,90,60,148,348
1193,Non-Hispanic White,55,60,50,337,181,413,17,1340,54,635,49,245,259,0,85,63,157,321
1194,Non-Hispanic White,64,55,50,361,157,411,13,1318,56,636,49,240,262,0,95,53,157,348
1195,Non-Hispanic White,60,59,55,343,156,411,20,1354,54,675,53,220,273,0,89,69,164,366
1196,Non-Hispanic White,58,68,31,321,177,393,22,1398,48,671,40,217,267,0,94,67,171,357
1197,Non-Hispanic White,52,59,60,369,142,445,13,1389,54,652,47,222,236,0,98,53,156,371
1198,Non-Hispanic White,43,67,48,351,163,454,22,1400,49,655,45,241,262,0,95,69,173,334
1199,Non-Hispanic White,60,69,46,346,177,406,12,1288,48,655,49,223,281,0,83,58,170,368
1200,Non-Hispanic White,46,73,56,314,187,428,23,1467,54,660,43,261,265,0,98,71,165,395
1232,Hispanic,6,4,29,68,49,69,1,99,6,66,7,27,33,0,10,16,14,79
1233,Hispanic,8,9,24,64,38,70,2,101,6,77,4,25,25,0,8,10,15,66
1234,Hispanic,4,5,19,65,53,88,1,103,3,68,5,22,21,0,18,15,13,83
1235,Hispanic,8,5,25,58,38,65,3,92,3,73,8,17,22,0,13,9,12,67
1236,Hispanic,4,6,20,65,55,58,1,75,4,66,17,23,25,0,8,19,18,90
1237,Hispanic,9,6,19,62,41,76,1,80,4,66,8,23,20,0,16,12,10,64
1238,Hispanic,7,2,23,61,48,46,2,107,2,74,12,22,20,0,16,15,18,86
1239,Hispanic,7,0,28,58,41,63,0,78,3,69,10,19,25,0,15,11,10,86
1240,Hispanic,9,7,30,68,30,64,1,101,5,78,8,19,17,0,13,18,17,76
1241,Hispanic,6,7,28,71,46,83,0,93,3,65,10,21,29,0,14,10,23,71
1242,Hispanic,6,6,20,74,53,69,0,95,4,77,1,24,19,0,19,8,9,79
1243,Hispanic,5,3,23,69,43,91,2,92,5,70,3,32,38,0,14,14,12,76
1254,Non-Hispanic American Indian or Alaska Native,1,1,1,12,3,6,0,9,0,6,0,1,1,0,2,0,0,3
1255,Non-Hispanic American Indian or Alaska Native,0,0,0,8,0,4,0,13,0,2,0,1,1,0,3,1,1,1
1256,Non-Hispanic American Indian or Alaska Native,0,0,2,3,4,4,0,7,0,7,0,0,2,0,0,0,0,2
1258,Non-Hispanic American Indian or Alaska Native,0,1,0,3,1,1,0,11,0,4,0,0,2,0,0,0,0,3
1259,Non-Hispanic American Indian or Alaska Native,0,0,0,5,1,4,0,13,0,6,0,1,2,0,0,1,2,6
1260,Non-Hispanic American Indian or Alaska Native,2,0,1,2,1,1,0,8,1,2,1,0,1,0,2,0,0,3
1261,Non-Hispanic American Indian or Alaska Native,0,0,0,6,3,2,1,8,0,4,0,2,0,0,1,1,0,3
1262,Non-Hispanic American Indian or Alaska Native,0,0,1,4,0,3,0,8,0,10,0,2,3,0,2,0,1,7
1263,Non-Hispanic American Indian or Alaska Native,1,0,2,4,4,5,1,13,0,6,0,0,0,0,1,0,1,4
1264,Non-Hispanic American Indian or Alaska Native,1,0,2,1,5,4,0,13,0,3,2,2,2,0,2,1,0,5
1265,Non-Hispanic American Indian or Alaska Native,0,1,1,6,2,4,0,10,0,6,0,1,1,0,1,2,2,1
1266,Non-Hispanic American Indian or Alaska Native,0,1,0,3,2,2,0,12,0,6,0,0,3,0,3,0,0,3
1277,Non-Hispanic Asian,2,5,12,27,21,40,1,64,4,36,3,13,12,0,10,6,9,29
1278,Non-Hispanic Asian,4,5,11,36,15,24,0,63,2,31,3,4,8,0,4,5,7,29
1279,Non-Hispanic Asian,5,3,10,33,29,43,1,58,0,29,7,12,10,0,9,5,3,26
1280,Non-Hispanic Asian,4,2,20,37,20,36,0,70,1,24,2,9,16,0,5,3,5,30
1281,Non-Hispanic Asian,3,4,11,30,24,29,0,60,2,31,1,5,9,0,2,9,4,23
1282,Non-Hispanic Asian,3,1,9,39,22,36,0,67,1,38,3,10,21,0,4,4,1,30
1283,Non-Hispanic Asian,3,3,13,31,22,42,0,65,3,20,6,13,16,0,2,4,4,31
1284,Non-Hispanic Asian,9,6,20,34,23,36,0,72,0,25,4,15,14,0,7,6,4,25
1285,Non-Hispanic Asian,6,1,15,30,23,30,2,66,1,34,3,5,10,0,4,7,10,32
1286,Non-Hispanic Asian,4,3,13,37,20,39,0,71,2,28,5,9,11,0,6,2,3,23
1287,Non-Hispanic Asian,5,5,19,25,32,37,0,73,1,29,2,18,11,0,7,10,6,36
1288,Non-Hispanic Asian,9,6,12,29,29,31,1,72,1,44,4,9,6,0,3,2,5,34
1299,Non-Hispanic Black,6,12,32,105,25,100,2,223,1,162,13,68,29,0,12,23,9,119
1300,Non-Hispanic Black,5,7,36,85,21,88,2,174,0,138,12,52,29,0,17,15,11,102
1301,Non-Hispanic Black,10,8,23,101,28,113,3,189,2,167,13,65,30,0,12,22,10,116
1302,Non-Hispanic Black,8,11,31,77,32,102,0,195,2,155,13,56,44,0,24,16,18,96
1303,Non-Hispanic Black,7,9,25,87,25,83,4,176,0,148,10,50,28,0,15,16,5,85
1304,Non-Hispanic Black,4,8,28,96,22,83,1,167,0,133,11,47,35,0,19,25,11,87
1305,Non-Hispanic Black,3,12,33,88,27,90,1,204,2,139,14,57,41,0,12,25,11,105
1306,Non-Hispanic Black,2,12,20,98,30,95,4,188,2,118,14,69,38,0,17,21,15,100
1307,Non-Hispanic Black,8,7,32,100,40,106,3,178,1,132,8,58,26,0,22,25,12,109
1308,Non-Hispanic Black,7,6,40,110,21,95,5,165,5,141,13,48,30,0,15,25,9,102
1309,Non-Hispanic Black,3,9,28,98,29,86,6,182,4,134,14,45,34,0,27,33,10,107
1310,Non-Hispanic Black,3,4,22,122,34,94,3,207,1,138,15,54,48,0,17,28,22,99
1321,Non-Hispanic More than one race,0,0,0,5,1,1,0,10,0,0,0,3,1,0,1,0,0,2
1322,Non-Hispanic More than one race,0,1,0,1,2,1,0,7,0,5,0,0,1,0,0,0,1,4
1323,Non-Hispanic More than one race,0,1,1,7,1,0,0,10,0,5,1,1,0,0,0,0,1,1
1324,Non-Hispanic More than one race,0,0,1,6,2,2,0,8,0,3,0,2,1,0,1,1,1,0
1325,Non-Hispanic More than one race,0,0,1,3,2,2,0,4,0,5,0,1,1,0,0,1,1,2
1326,Non-Hispanic More than one race,0,0,0,0,1,6,0,7,0,6,0,2,0,0,1,0,0,5
1327,Non-Hispanic More than one race,0,0,1,3,3,1,0,10,0,4,0,0,2,0,0,0,0,4
1328,Non-Hispanic More than one race,0,0,1,1,0,3,0,6,0,5,0,0,3,0,2,0,1,4
1329,Non-Hispanic More than one race,1,1,0,1,0,7,0,7,1,2,0,1,2,0,0,1,1,2
1330,Non-Hispanic More than one race,0,0,0,0,1,2,0,8,0,6,0,1,1,0,0,0,0,0
1331,Non-Hispanic More than one race,0,0,0,4,1,3,0,14,0,2,0,1,0,0,1,0,1,2
1332,Non-Hispanic More than one race,0,0,1,1,0,1,0,10,0,6,0,0,3,0,1,1,0,1
1343,Non-Hispanic Native Hawaiian or Other Pacific Islander,1,0,0,0,1,1,0,3,0,1,0,1,0,0,0,0,0,0
1344,Non-Hispanic Native Hawaiian or Other Pacific Islander,0,0,0,0,0,0,0,0,0,1,1,0,0,0,0,0,0,0
1345,Non-Hispanic Native Hawaiian or Other Pacific Islander,0,0,0,0,0,0,0,1,0,3,0,1,1,0,0,0,0,2
1346,Non-Hispanic Native Hawaiian or Other Pacific Islander,0,0,0,0,0,0,0,4,0,2,0,0,0,0,0,0,0,2
1347,Non-Hispanic Native Hawaiian or Other Pacific Islander,0,0,0,0,0,0,0,2,0,1,0,0,0,0,0,0,0,1
1348,Non-Hispanic Native Hawaiian or Other Pacific Islander,0,0,0,1,1,1,0,1,0,1,0,0,0,0,0,0,1,0
1349,Non-Hispanic Native Hawaiian or Other Pacific Islander,0,0,1,0,1,0,0,2,0,0,0,0,0,0,0,1,0,1
1350,Non-Hispanic Native Hawaiian or Other Pacific Islander,0,0,1,2,1,1,0,1,0,0,0,1,0,0,0,0,0,0
1351,Non-Hispanic Native Hawaiian or Other Pacific Islander,0,0,0,0,1,1,0,0,0,1,0,0,0,0,0,0,0,0
1352,Non-Hispanic Native Hawaiian or Other Pacific Islander,0,0,0,2,1,1,0,3,0,0,0,0,0,0,0,0,0,1
1353,Non-Hispanic Native Hawaiian or Other Pacific Islander,1,0,0,0,1,1,0,0,0,0,0,1,1,0,0,0,0,0
1354,Non-Hispanic Native Hawaiian or Other Pacific Islander,0,0,0,1,1,0,0,0,0,2,0,0,0,0,0,1,0,1
1365,Non-Hispanic White,97,119,106,834,219,756,15,2132,105,1156,47,265,362,0,181,205,180,1009
1366,Non-Hispanic White,97,81,91,795,223,696,19,2054,85,1134,38,282,329,0,153,208,151,946
1367,Non-Hispanic White,98,102,103,830,237,709,22,2081,110,1138,40,290,338,0,168,241,163,1036
1368,Non-Hispanic White,107,95,86,735,220,663,16,1880,95,1084,47,268,341,0,148,211,141,946
1369,Non-Hispanic White,87,101,108,768,209,713,17,2009,104,1055,34,282,341,0,145,210,162,901
1370,Non-Hispanic White,84,96,98,709,203,664,13,1901,84,983,37,265,326,0,153,205,158,943
1371,Non-Hispanic White,87,86,82,778,275,714,19,1924,88,1159,36,279,379,0,163,213,185,954
1372,Non-Hispanic White,91,96,104,817,245,663,9,1987,103,1218,37,254,392,0,174,214,193,1033
1373,Non-Hispanic White,102,90,96,781,254,707,18,1968,105,1097,44,270,371,0,172,197,153,1011
1374,Non-Hispanic White,111,98,102,840,285,743,14,2032,90,1127,33,252,360,0,155,203,181,975
1375,Non-Hispanic White,85,94,100,758,232,683,11,1889,95,1093,32,264,324,0,155,223,150,959
1376,Non-Hispanic White,104,103,105,784,254,727,20,2037,92,1135,38,278,368,0,171,237,160,988
1409,Hispanic,0,0,0,0,1,0,0,0,0,0,0,0,0,0,0,0,4,5
1410,Hispanic,0,0,0,0,1,0,0,0,0,0,0,0,0,0,0,0,6,7
1411,Hispanic,0,0,0,0,0,0,0,0,0,0,0,0,0,0,1,0,4,4
1412,Hispanic,0,0,0,0,0,0,0,0,0,0,0,0,0,0,0,0,3,3
1413,Hispanic,0,0,0,0,1,0,0,0,0,0,0,0,0,0,0,0,1,5
1414,Hispanic,0,0,0,0,3,0,0,0,0,0,0,0,0,0,0,0,3,2
1415,Hispanic,0,0,0,0,0,0,0,0,0,0,0,0,0,0,0,0,5,1
1416,Hispanic,0,0,0,0,0,0,0,0,0,0,0,0,0,0,0,0,1,2
1417,Hispanic,0,0,0,0,1,0,0,1,0,0,0,0,0,0,0,0,4,7
1418,Hispanic,0,0,0,0,0,0,0,0,0,0,0,0,0,0,0,0,4,6
1419,Hispanic,0,0,0,0,0,0,0,0,0,0,0,0,0,0,0,0,1,4
1420,Hispanic,0,0,0,0,1,0,0,0,0,0,0,0,0,0,0,0,6,5
1431,Non-Hispanic American Indian or Alaska Native,0,0,0,0,0,0,0,0,0,0,0,0,0,0,0,0,0,0
1432,Non-Hispanic American Indian or Alaska Native,0,0,0,0,0,0,0,0,0,0,0,0,0,0,0,0,0,0
1433,Non-Hispanic American Indian or Alaska Native,0,0,0,0,0,0,0,0,0,0,0,0,0,0,0,0,0,0
1434,Non-Hispanic American Indian or Alaska Native,0,0,0,0,0,0,0,0,0,0,0,0,0,0,0,0,0,0
1435,Non-Hispanic American Indian or Alaska Native,0,0,0,0,0,0,0,0,0,0,0,0,0,0,0,0,0,0
1436,Non-Hispanic American Indian or Alaska Native,0,0,0,0,0,0,0,0,0,0,0,0,0,0,0,0,0,0
1437,Non-Hispanic American Indian or Alaska Native,0,0,0,0,0,0,0,0,0,0,0,0,0,0,0,0,1,1
1438,Non-Hispanic American Indian or Alaska Native,0,0,0,0,0,0,0,0,0,0,0,0,0,0,0,0,0,1
1439,Non-Hispanic American Indian or Alaska Native,0,0,0,0,0,0,0,0,0,0,0,0,0,0,0,0,0,1
1440,Non-Hispanic American Indian or Alaska Native,0,0,0,0,0,0,0,0,0,0,0,0,0,0,0,0,0,0
1441,Non-Hispanic American Indian or Alaska Native,0,0,0,0,0,0,0,0,0,0,0,0,0,0,0,0,0,0
1442,Non-Hispanic American Indian or Alaska Native,0,0,0,0,0,0,0,0,0,0,0,0,0,0,0,0,0,0
1453,Non-Hispanic Asian,0,0,0,0,0,0,0,0,0,0,0,0,0,0,0,0,0,0
1454,Non-Hispanic Asian,0,0,0,0,0,0,0,0,0,0,0,0,0,0,0,0,1,1
1455,Non-Hispanic Asian,0,0,0,0,0,0,0,0,0,0,0,0,0,0,0,0,2,1
1456,Non-Hispanic Asian,0,0,0,0,0,0,0,0,0,0,0,0,0,0,0,0,0,0
1457,Non-Hispanic Asian,0,0,0,0,1,0,0,0,0,0,0,0,0,0,0,0,1,1
1458,Non-Hispanic Asian,0,0,0,0,0,0,0,0,0,0,0,0,0,0,0,0,0,0
1459,Non-Hispanic Asian,0,0,0,0,0,0,0,0,0,0,0,0,0,0,0,0,2,1
1460,Non-Hispanic Asian,0,0,0,0,0,0,0,0,0,0,0,0,0,0,0,0,0,0
1461,Non-Hispanic Asian,0,0,0,0,0,0,0,0,0,0,0,0,0,0,0,0,0,1
1462,Non-Hispanic Asian,0,0,0,0,0,0,0,0,0,0,0,0,0,0,0,0,0,0
1463,Non-Hispanic Asian,0,0,0,0,0,0,0,0,0,0,0,0,0,0,0,0,0,1
1464,Non-Hispanic Asian,0,0,0,0,0,0,0,0,0,0,0,0,0,0,0,0,1,0
1475,Non-Hispanic Black,0,0,0,0,0,0,0,0,0,0,0,0,0,0,1,0,1,1
1476,Non-Hispanic Black,0,0,0,0,0,0,0,0,0,0,0,0,0,0,0,0,3,2
1477,Non-Hispanic Black,0,0,0,0,0,0,0,1,0,0,0,0,0,0,1,0,1,3
1478,Non-Hispanic Black,0,0,0,0,1,0,0,0,0,0,0,0,0,0,0,0,4,3
1479,Non-Hispanic Black,0,0,0,0,0,0,0,0,0,0,0,0,0,0,0,0,3,0
1480,Non-Hispanic Black,0,0,0,0,0,0,0,0,0,0,0,0,0,0,0,0,7,0
1481,Non-Hispanic Black,0,0,0,0,1,0,0,0,0,0,0,0,0,0,0,0,3,2
1482,Non-Hispanic Black,0,0,0,0,0,0,0,0,0,0,0,0,0,0,0,0,0,2
1483,Non-Hispanic Black,0,0,0,0,0,0,0,0,0,0,0,0,0,0,0,0,2,1
1484,Non-Hispanic Black,0,0,0,0,0,0,0,0,0,0,0,0,0,0,0,0,3,1
1485,Non-Hispanic Black,0,0,0,0,0,0,0,0,0,0,0,0,0,0,1,0,3,3
1486,Non-Hispanic Black,0,0,0,0,1,0,0,0,0,0,0,0,0,0,1,0,1,3
1497,Non-Hispanic More than one race,0,0,0,0,0,0,0,0,0,0,0,0,0,0,0,0,1,0
1498,Non-Hispanic More than one race,0,0,0,0,1,0,0,0,0,0,0,0,0,0,1,0,1,0
1499,Non-Hispanic More than one race,0,0,0,0,0,0,0,0,0,0,0,0,0,0,0,0,1,0
1500,Non-Hispanic More than one race,0,0,0,0,0,0,0,0,0,0,0,0,0,0,0,0,2,0
1501,Non-Hispanic More than one race,0,0,0,0,0,0,0,0,0,0,0,0,0,0,0,0,0,1
1502,Non-Hispanic More than one race,0,0,0,0,0,0,0,0,0,0,0,0,0,0,0,0,1,0
1503,Non-Hispanic More than one race,0,0,0,0,0,0,0,0,0,0,0,0,0,0,0,0,3,0
1504,Non-Hispanic More than one race,0,0,0,0,0,0,0,0,0,0,0,0,0,0,0,0,1,0
1505,Non-Hispanic More than one race,0,0,0,0,0,0,0,0,0,0,0,0,0,0,0,0,0,1
1506,Non-Hispanic More than one race,0,0,0,0,0,0,0,0,0,0,0,0,0,0,0,0,1,0
1507,Non-Hispanic More than one race,0,0,0,0,0,0,0,0,0,0,0,0,0,0,0,0,2,0
1508,Non-Hispanic More than one race,0,0,0,0,0,0,0,0,0,0,0,0,0,0,0,0,3,0
1519,Non-Hispanic Native Hawaiian or Other Pacific Islander,0,0,0,0,0,0,0,0,0,0,0,0,0,0,0,0,0,0
1520,Non-Hispanic Native Hawaiian or Other Pacific Islander,0,0,0,0,0,0,0,0,0,0,0,0,0,0,0,0,0,0
1521,Non-Hispanic Native Hawaiian or Other Pacific Islander,0,0,0,0,0,0,0,0,0,0,0,0,0,0,0,0,0,0
1522,Non-Hispanic Native Hawaiian or Other Pacific Islander,0,0,0,0,0,0,0,0,0,0,0,0,0,0,0,0,0,0
1523,Non-Hispanic Native Hawaiian or Other Pacific Islander,0,0,0,0,0,0,0,0,0,0,0,0,0,0,0,0,0,0
1524,Non-Hispanic Native Hawaiian or Other Pacific Islander,0,0,0,0,1,0,0,0,0,0,0,0,0,0,0,0,0,0
1525,Non-Hispanic Native Hawaiian or Other Pacific Islander,0,0,0,0,0,0,0,0,0,0,0,0,0,0,0,0,0,0
1526,Non-Hispanic Native Hawaiian or Other Pacific Islander,0,0,0,0,0,0,0,0,0,0,0,0,0,0,0,0,0,0
1527,Non-Hispanic Native Hawaiian or Other Pacific Islander,0,0,0,0,0,0,0,0,0,0,0,0,0,0,0,0,1,0
1528,Non-Hispanic Native Hawaiian or Other Pacific Islander,0,0,0,0,0,0,0,0,0,0,0,0,0,0,0,0,0,0
1529,Non-Hispanic Native Hawaiian or Other Pacific Islander,0,0,0,0,0,0,0,0,0,0,0,0,0,0,0,0,0,0
1530,Non-Hispanic Native Hawaiian or Other Pacific Islander,0,0,0,0,0,0,0,0,0,0,0,0,0,0,0,0,0,0
1541,Non-Hispanic White,0,0,0,0,0,0,0,0,0,0,0,0,0,0,0,0,9,2
1542,Non-Hispanic White,0,0,0,0,2,0,0,2,0,0,0,0,0,0,0,0,8,9
1543,Non-Hispanic White,0,0,0,0,1,0,0,0,0,0,0,0,0,0,2,0,9,4
1544,Non-Hispanic White,0,0,0,0,0,0,1,0,0,0,0,0,0,0,1,0,9,8
1545,Non-Hispanic White,0,0,0,0,0,0,0,0,0,0,0,0,0,0,0,0,9,9
1546,Non-Hispanic White,0,0,0,0,0,0,0,0,0,0,0,0,0,0,1,0,14,8
1547,Non-Hispanic White,0,0,0,0,0,0,0,0,0,0,0,0,0,0,0,0,5,4
1548,Non-Hispanic White,0,0,0,0,1,0,0,0,0,0,0,0,0,1,2,0,3,5
1549,Non-Hispanic White,0,0,0,0,2,0,0,0,1,0,0,0,0,0,1,0,8,5
1550,Non-Hispanic White,0,0,0,0,1,0,0,0,0,0,0,0,0,0,0,0,12,5
1551,Non-Hispanic White,0,0,0,0,1,0,0,0,0,0,0,0,0,0,0,0,4,4
1552,Non-Hispanic White,0,0,0,0,0,0,0,0,0,0,0,0,0,0,2,0,13,6
1584,Hispanic,0,0,0,0,1,0,0,0,0,0,0,0,0,0,0,0,2,10
1585,Hispanic,1,0,3,1,0,0,0,0,0,0,0,0,0,0,0,0,1,4
1586,Hispanic,0,0,0,1,0,0,0,0,0,0,0,0,0,0,0,0,3,5
1587,Hispanic,0,0,0,0,1,1,0,0,0,0,0,0,0,0,0,0,4,2
1588,Hispanic,0,0,0,0,0,0,0,0,0,0,0,0,0,0,0,0,3,9
1589,Hispanic,0,0,1,1,0,0,0,0,1,0,0,0,0,0,0,0,2,8
1590,Hispanic,0,0,0,3,1,1,0,1,0,0,0,0,0,0,0,0,4,4
1591,Hispanic,0,0,0,0,1,0,0,0,0,0,0,0,0,0,0,0,3,7
1592,Hispanic,2,1,1,3,0,0,0,0,0,0,0,0,0,0,0,0,0,6
1593,Hispanic,1,0,0,1,0,0,0,0,0,0,0,0,0,0,0,0,2,4
1594,Hispanic,0,0,1,2,0,0,0,0,1,0,0,0,0,0,1,0,4,11
1595,Hispanic,0,0,0,2,0,0,0,0,0,0,0,0,0,0,1,0,3,8
1606,Non-Hispanic American Indian or Alaska Native,0,0,0,0,0,0,0,0,0,0,0,0,0,0,0,0,0,0
1607,Non-Hispanic American Indian or Alaska Native,0,0,0,0,0,0,0,0,0,0,0,0,0,0,0,0,0,0
1608,Non-Hispanic American Indian or Alaska Native,0,0,0,0,0,0,0,0,0,0,0,0,0,0,0,0,0,0
1609,Non-Hispanic American Indian or Alaska Native,0,0,0,0,0,0,0,0,0,0,0,0,0,0,0,0,0,0
1610,Non-Hispanic American Indian or Alaska Native,0,0,0,0,0,0,0,0,0,0,0,0,0,0,0,0,0,0
1611,Non-Hispanic American Indian or Alaska Native,0,0,0,0,0,0,0,0,0,0,0,0,0,0,0,0,0,0
1612,Non-Hispanic American Indian or Alaska Native,0,0,0,0,0,0,0,0,0,0,0,0,0,0,1,0,0,0
1613,Non-Hispanic American Indian or Alaska Native,0,0,0,0,0,0,0,0,0,0,0,0,0,0,0,0,0,0
1614,Non-Hispanic American Indian or Alaska Native,0,0,0,0,0,0,0,0,0,0,0,0,0,0,0,0,0,0
1615,Non-Hispanic American Indian or Alaska Native,0,0,0,0,0,0,0,0,0,0,0,0,0,0,0,0,0,0
1616,Non-Hispanic American Indian or Alaska Native,0,0,0,0,0,0,0,0,0,0,0,0,0,0,0,0,0,0
1617,Non-Hispanic American Indian or Alaska Native,0,0,0,0,0,0,0,0,0,0,0,0,0,0,0,0,0,0
1628,Non-Hispanic Asian,0,0,0,0,0,0,0,0,0,0,0,0,0,0,0,0,3,0
1629,Non-Hispanic Asian,0,0,0,0,0,0,0,0,0,0,0,0,0,0,0,0,1,1
1630,Non-Hispanic Asian,0,0,0,0,0,0,0,0,0,0,0,0,0,0,0,0,1,3
1631,Non-Hispanic Asian,0,0,0,0,2,0,0,0,0,0,0,0,0,0,0,0,0,0
1632,Non-Hispanic Asian,0,0,0,0,0,0,0,0,0,0,0,0,0,0,0,0,1,0
1633,Non-Hispanic Asian,0,0,0,0,0,0,0,0,0,0,0,0,0,0,0,0,1,1
1634,Non-Hispanic Asian,0,0,0,0,0,0,0,0,0,0,0,0,0,0,0,0,1,1
1635,Non-Hispanic Asian,0,0,0,0,0,0,0,0,0,0,0,0,0,0,1,0,0,0
1636,Non-Hispanic Asian,0,0,0,0,1,0,0,0,0,0,0,0,0,0,1,0,2,1
1637,Non-Hispanic Asian,0,0,0,0,0,0,0,0,0,0,0,0,0,0,0,0,0,0
1638,Non-Hispanic Asian,0,0,0,0,0,0,0,0,0,0,0,0,0,0,0,0,0,0
1639,Non-Hispanic Asian,0,0,0,0,0,0,0,0,0,0,0,0,0,0,0,0,1,0
1650,Non-Hispanic Black,0,0,0,1,0,0,0,0,0,0,0,0,0,0,1,0,0,2
1651,Non-Hispanic Black,1,0,0,1,0,0,0,0,0,0,0,0,0,0,0,0,2,2
1652,Non-Hispanic Black,0,0,0,0,1,0,0,0,0,0,0,0,0,0,0,0,0,1
1653,Non-Hispanic Black,0,0,0,0,0,0,0,0,0,0,0,0,0,0,1,0,2,0
1654,Non-Hispanic Black,1,0,0,2,0,0,0,0,0,0,0,0,0,0,0,0,0,4
1655,Non-Hispanic Black,0,0,0,1,0,0,0,0,0,0,0,0,0,0,0,0,1,1
1656,Non-Hispanic Black,0,0,0,0,0,0,0,0,0,0,0,0,0,0,1,0,1,1
1657,Non-Hispanic Black,0,0,0,0,0,0,0,0,0,0,0,0,0,0,0,0,1,3
1658,Non-Hispanic Black,0,0,0,0,0,0,0,0,0,0,0,0,0,0,0,0,2,5
1659,Non-Hispanic Black,1,0,0,0,0,0,0,1,0,0,0,0,0,0,1,0,1,0
1660,Non-Hispanic Black,0,0,0,0,0,0,0,0,0,0,0,0,0,0,0,0,1,3
1661,Non-Hispanic Black,0,0,0,0,0,0,0,0,0,0,0,0,0,0,3,0,3,4
1672,Non-Hispanic More than one race,0,0,0,0,0,0,0,0,0,0,0,0,0,0,0,0,0,0
1673,Non-Hispanic More than one race,0,0,0,0,0,0,0,0,0,0,0,0,0,0,0,0,0,0
1674,Non-Hispanic More than one race,0,0,0,0,0,0,0,0,0,0,0,0,0,0,0,0,0,0
1675,Non-Hispanic More than one race,0,0,0,1,0,0,0,0,0,0,0,0,0,0,0,0,0,1
1676,Non-Hispanic More than one race,0,0,0,0,1,0,0,0,0,0,0,0,0,0,0,0,0,0
1677,Non-Hispanic More than one race,0,0,0,0,0,0,0,0,0,0,0,0,0,0,0,0,0,1
1678,Non-Hispanic More than one race,0,0,0,0,0,0,0,0,0,0,0,0,0,0,0,0,1,0
1679,Non-Hispanic More than one race,0,0,0,0,0,0,0,0,0,0,0,0,0,0,0,0,0,0
1680,Non-Hispanic More than one race,0,0,0,0,0,0,0,0,0,0,0,0,0,0,0,0,1,0
1681,Non-Hispanic More than one race,0,0,0,0,0,0,0,0,0,0,0,0,0,0,0,0,0,0
1682,Non-Hispanic More than one race,0,0,0,0,0,0,0,0,0,0,0,0,0,0,0,0,0,2
1683,Non-Hispanic More than one race,0,0,0,0,0,0,0,0,0,0,0,0,0,0,0,0,1,0
1694,Non-Hispanic Native Hawaiian or Other Pacific Islander,0,0,0,0,0,0,0,0,0,0,0,0,0,0,0,0,0,0
1695,Non-Hispanic Native Hawaiian or Other Pacific Islander,0,0,0,0,0,0,0,0,0,0,0,0,0,0,0,0,0,0
1696,Non-Hispanic Native Hawaiian or Other Pacific Islander,0,0,0,0,0,0,0,0,0,0,0,0,0,0,0,0,0,1
1697,Non-Hispanic Native Hawaiian or Other Pacific Islander,0,0,0,0,0,0,0,0,0,0,0,0,0,0,0,0,0,0
1698,Non-Hispanic Native Hawaiian or Other Pacific Islander,0,0,0,0,0,0,0,0,0,0,0,0,0,0,0,0,0,0
1699,Non-Hispanic Native Hawaiian or Other Pacific Islander,0,0,0,0,0,0,0,0,0,0,0,0,0,0,0,0,0,0
1700,Non-Hispanic Native Hawaiian or Other Pacific Islander,0,0,0,0,0,0,0,0,0,0,0,0,0,0,0,0,0,0
1701,Non-Hispanic Native Hawaiian or Other Pacific Islander,0,0,0,0,0,0,0,0,0,0,0,0,0,0,0,0,0,0
1702,Non-Hispanic Native Hawaiian or Other Pacific Islander,0,0,0,0,0,0,0,0,0,0,0,0,0,0,0,0,0,0
1703,Non-Hispanic Native Hawaiian or Other Pacific Islander,0,0,0,0,0,0,0,0,0,0,0,0,0,0,0,0,0,0
1704,Non-Hispanic Native Hawaiian or Other Pacific Islander,0,0,0,0,0,0,0,0,0,0,0,0,0,0,0,0,0,0
1705,Non-Hispanic Native Hawaiian or Other Pacific Islander,0,0,0,0,0,0,0,0,0,0,0,0,0,0,0,0,0,0
1716,Non-Hispanic White,0,0,0,2,0,0,0,0,1,0,0,0,0,0,1,0,10,4
1717,Non-Hispanic White,0,0,0,1,0,0,0,0,0,0,0,0,0,0,0,0,2,2
1718,Non-Hispanic White,0,1,1,0,0,0,0,0,0,0,0,0,0,0,0,0,9,8
1719,Non-Hispanic White,1,0,2,2,1,2,0,0,1,0,0,0,0,0,0,0,7,7
1720,Non-Hispanic White,0,0,1,1,1,0,0,0,0,0,0,0,0,0,0,0,5,5
1721,Non-Hispanic White,0,0,1,1,2,0,0,0,0,0,0,0,0,0,0,0,5,9
1722,Non-Hispanic White,1,0,0,0,1,0,0,0,0,0,0,0,0,0,1,0,8,7
1723,Non-Hispanic White,2,1,0,2,1,0,0,0,1,1,0,0,0,0,0,1,9,12
1724,Non-Hispanic White,0,0,0,3,0,0,0,0,2,0,0,0,0,0,0,0,2,8
1725,Non-Hispanic White,0,0,0,2,0,0,0,1,0,0,0,0,0,0,0,0,6,4
1726,Non-Hispanic White,0,0,0,0,0,0,0,0,0,0,0,0,0,1,1,0,5,8
1727,Non-Hispanic White,0,0,0,1,0,0,0,0,0,0,0,0,0,0,0,0,15,9
1761,Hispanic,1,0,2,5,2,1,0,1,1,0,0,0,0,0,1,0,4,4
1762,Hispanic,0,0,4,3,0,0,1,2,0,0,0,0,0,0,1,0,3,7
1763,Hispanic,1,0,1,2,0,0,0,1,0,0,0,0,0,0,0,0,2,7
1764,Hispanic,0,0,3,2,1,0,0,1,0,0,0,0,0,0,1,1,1,9
1765,Hispanic,1,2,2,1,0,0,0,2,0,0,0,0,0,0,1,0,6,6
1766,Hispanic,0,0,1,1,0,0,0,0,0,0,0,0,0,0,0,0,1,8
1767,Hispanic,0,0,4,1,1,0,0,0,1,0,0,0,0,0,0,0,4,9
1768,Hispanic,0,0,4,3,1,0,0,2,0,0,0,0,0,0,0,0,2,5
1769,Hispanic,0,1,2,6,0,0,0,1,0,0,0,0,0,0,0,0,4,11
1770,Hispanic,0,1,1,2,2,1,0,1,0,0,0,0,0,0,0,1,3,8
1771,Hispanic,0,0,3,7,0,0,0,2,1,0,0,0,0,0,0,0,2,3
1772,Hispanic,0,1,2,2,2,1,0,0,0,0,0,0,0,0,1,0,4,12
1783,Non-Hispanic American Indian or Alaska Native,0,0,0,0,0,0,0,0,0,0,0,0,0,0,0,0,1,0
1784,Non-Hispanic American Indian or Alaska Native,0,0,1,0,0,0,0,0,0,0,0,0,0,0,0,0,0,1
1785,Non-Hispanic American Indian or Alaska Native,0,0,0,0,0,0,0,0,0,0,0,0,0,0,0,0,0,0
1786,Non-Hispanic American Indian or Alaska Native,0,0,0,0,0,0,0,1,0,0,0,0,0,0,0,0,0,0
1787,Non-Hispanic American Indian or Alaska Native,0,0,0,0,0,0,0,0,0,0,0,0,0,0,0,0,0,0
1788,Non-Hispanic American Indian or Alaska Native,0,0,0,0,0,0,0,0,0,0,0,0,0,0,0,0,0,0
1789,Non-Hispanic American Indian or Alaska Native,0,0,0,0,0,0,0,0,0,0,0,0,0,0,0,0,0,0
1790,Non-Hispanic American Indian or Alaska Native,0,0,0,0,0,0,0,0,0,0,0,0,0,0,0,0,0,1
1791,Non-Hispanic American Indian or Alaska Native,0,0,0,0,0,0,0,0,0,0,0,0,0,0,0,0,0,0
1792,Non-Hispanic American Indian or Alaska Native,0,0,0,0,1,0,0,0,0,0,0,0,0,0,0,0,0,1
1793,Non-Hispanic American Indian or Alaska Native,0,0,0,0,0,0,0,0,0,0,0,0,0,0,0,0,0,0
1794,Non-Hispanic American Indian or Alaska Native,0,0,0,0,0,0,0,0,0,0,0,0,0,0,0,0,0,0
1805,Non-Hispanic Asian,0,0,1,0,0,0,0,1,0,0,0,0,0,0,1,0,1,1
1806,Non-Hispanic Asian,1,0,0,4,1,0,0,2,0,0,0,0,0,0,0,0,0,0
1807,Non-Hispanic Asian,0,0,0,2,0,0,0,1,0,0,0,0,0,0,0,0,0,0
1808,Non-Hispanic Asian,0,1,1,0,2,0,0,0,0,0,0,0,0,0,0,0,0,0
1809,Non-Hispanic Asian,1,0,0,1,1,0,0,0,2,0,0,0,0,0,0,0,1,1
1810,Non-Hispanic Asian,0,0,0,2,0,0,0,0,0,0,0,0,0,0,0,0,0,0
1811,Non-Hispanic Asian,0,1,0,0,0,0,0,0,0,0,0,0,0,0,0,1,1,0
1812,Non-Hispanic Asian,0,1,0,2,0,0,0,2,0,0,0,0,0,0,0,0,0,0
1813,Non-Hispanic Asian,0,0,1,0,0,1,0,1,0,0,0,0,0,0,0,0,0,0
1814,Non-Hispanic Asian,0,0,0,3,0,0,0,1,0,0,0,0,0,0,0,0,0,1
1815,Non-Hispanic Asian,0,0,0,3,0,1,0,0,0,0,0,0,0,0,0,0,1,2
1816,Non-Hispanic Asian,0,0,1,1,1,0,0,2,0,0,0,0,0,0,0,0,0,0
1827,Non-Hispanic Black,1,0,1,0,1,0,0,0,0,0,0,0,0,0,1,1,1,4
1828,Non-Hispanic Black,0,0,0,3,0,0,0,1,0,0,0,0,0,0,0,0,1,5
1829,Non-Hispanic Black,1,0,0,5,2,0,0,1,0,0,0,0,0,0,2,0,3,5
1830,Non-Hispanic Black,0,0,2,8,3,1,0,1,0,0,0,0,0,0,2,0,3,7
1831,Non-Hispanic Black,0,0,0,2,1,0,0,1,0,0,0,0,0,0,1,0,2,3
1832,Non-Hispanic Black,1,0,0,6,1,0,0,0,0,0,0,0,0,0,2,0,1,8
1833,Non-Hispanic Black,1,0,2,5,1,0,0,1,0,0,0,0,0,0,2,0,5,6
1834,Non-Hispanic Black,0,0,1,5,1,0,0,0,0,0,0,0,0,0,1,0,1,7
1835,Non-Hispanic Black,0,0,0,4,2,0,0,1,0,0,0,0,0,0,2,0,1,6
1836,Non-Hispanic Black,1,0,0,5,1,2,0,1,1,0,0,0,0,0,2,0,2,6
1837,Non-Hispanic Black,0,0,1,5,0,1,0,1,1,1,0,0,0,0,3,0,2,6
1838,Non-Hispanic Black,1,0,0,2,1,1,0,3,0,0,0,0,0,0,0,0,1,3
1849,Non-Hispanic More than one race,0,0,0,0,0,0,0,0,0,0,0,0,0,0,0,0,1,0
1850,Non-Hispanic More than one race,0,0,0,0,0,0,0,0,0,0,0,0,0,0,0,1,0,1
1851,Non-Hispanic More than one race,0,0,1,0,0,0,0,0,0,0,0,0,0,0,0,0,0,0
1852,Non-Hispanic More than one race,0,0,1,0,0,0,0,0,0,0,0,0,0,0,0,0,0,0
1853,Non-Hispanic More than one race,0,0,0,1,0,0,0,0,0,0,0,0,0,0,0,0,0,1
1854,Non-Hispanic More than one race,0,0,0,0,0,0,0,0,0,0,0,0,0,0,0,0,0,1
1855,Non-Hispanic More than one race,0,0,0,2,1,0,0,1,0,0,0,0,0,0,0,0,1,0
1856,Non-Hispanic More than one race,0,0,0,0,0,0,0,0,0,0,0,0,0,0,0,0,1,0
1857,Non-Hispanic More than one race,0,0,0,0,0,0,0,0,0,0,0,0,0,0,0,0,0,0
1858,Non-Hispanic More than one race,0,0,0,0,0,0,0,0,0,0,0,0,0,0,0,0,0,0
1859,Non-Hispanic More than one race,0,0,1,1,0,0,0,0,0,0,0,0,0,0,0,0,0,2
1860,Non-Hispanic More than one race,0,0,0,0,0,0,0,0,0,0,0,0,0,0,0,0,1,0
1871,Non-Hispanic Native Hawaiian or Other Pacific Islander,0,0,0,2,0,0,0,1,0,0,0,0,0,0,0,0,0,0
1872,Non-Hispanic Native Hawaiian or Other Pacific Islander,0,0,0,0,0,0,0,0,0,0,0,0,0,0,0,0,0,0
1873,Non-Hispanic Native Hawaiian or Other Pacific Islander,0,0,0,0,0,0,0,0,0,0,0,0,0,0,0,0,0,0
1874,Non-Hispanic Native Hawaiian or Other Pacific Islander,0,0,0,0,0,0,0,0,0,0,0,0,0,0,0,0,0,0
1875,Non-Hispanic Native Hawaiian or Other Pacific Islander,0,0,0,0,0,0,0,0,0,0,0,0,0,0,0,0,0,0
1876,Non-Hispanic Native Hawaiian or Other Pacific Islander,0,0,0,0,0,0,0,0,0,0,0,0,0,0,0,0,0,0
1877,Non-Hispanic Native Hawaiian or Other Pacific Islander,0,0,0,0,0,0,0,0,0,0,0,0,0,0,0,0,0,0
1878,Non-Hispanic Native Hawaiian or Other Pacific Islander,0,0,0,0,0,0,0,0,0,0,0,0,0,0,0,0,0,0
1879,Non-Hispanic Native Hawaiian or Other Pacific Islander,0,0,0,0,0,0,0,0,0,0,0,0,0,0,0,0,0,0
1880,Non-Hispanic Native Hawaiian or Other Pacific Islander,0,0,1,0,0,0,0,0,0,0,0,0,0,0,0,0,0,0
1881,Non-Hispanic Native Hawaiian or Other Pacific Islander,0,0,0,0,0,0,0,0,0,0,0,0,0,0,0,0,0,0
1882,Non-Hispanic Native Hawaiian or Other Pacific Islander,0,0,0,2,0,0,0,0,0,0,0,0,0,0,0,0,0,0
1893,Non-Hispanic White,1,2,2,10,1,3,0,5,7,0,0,0,0,0,2,0,23,16
1894,Non-Hispanic White,0,0,0,5,1,2,0,2,8,0,0,0,0,0,1,0,19,14
1895,Non-Hispanic White,1,2,3,15,4,0,0,1,1,0,0,0,0,0,1,0,14,14
1896,Non-Hispanic White,0,2,3,11,1,2,0,1,5,0,0,0,0,0,2,3,11,13
1897,Non-Hispanic White,3,1,3,9,3,1,0,5,2,0,0,0,0,0,0,0,16,14
1898,Non-Hispanic White,1,1,4,16,1,1,0,4,4,0,0,0,0,0,1,0,18,21
1899,Non-Hispanic White,1,3,0,12,2,3,0,1,7,0,0,0,0,1,0,0,17,13
1900,Non-Hispanic White,1,2,0,8,3,1,0,2,2,0,0,0,0,0,1,1,13,8
1901,Non-Hispanic White,3,2,3,13,5,1,1,1,2,0,0,0,0,0,1,0,18,13
1902,Non-Hispanic White,1,2,2,11,2,1,0,3,2,0,0,0,0,0,0,0,16,9
1903,Non-Hispanic White,1,0,3,10,1,1,0,4,4,0,0,0,0,0,1,0,10,8
1904,Non-Hispanic White,2,1,1,12,3,3,0,3,4,0,0,0,0,0,0,0,12,20
1936,Hispanic,1,3,10,21,2,1,1,4,1,0,0,0,0,2,1,1,3,7
1937,Hispanic,1,2,8,11,3,2,1,2,2,0,0,0,0,0,1,0,7,3
1938,Hispanic,2,2,8,7,6,3,1,3,1,0,0,0,0,0,1,0,8,14
1939,Hispanic,0,3,6,17,3,5,0,2,2,0,0,0,0,0,1,0,6,20
1940,Hispanic,1,0,7,16,3,4,0,4,1,0,0,0,0,0,5,0,10,11
1941,Hispanic,0,1,7,7,3,8,1,4,0,0,0,0,0,2,2,0,7,8
1942,Hispanic,1,2,8,11,4,4,0,5,0,0,0,0,0,0,3,0,10,10
1943,Hispanic,2,1,10,15,5,2,0,1,2,0,0,0,0,0,5,0,8,12
1944,Hispanic,2,3,8,6,3,3,0,4,1,0,0,0,0,1,0,0,5,7
1945,Hispanic,1,0,8,11,6,6,0,2,2,0,0,0,0,1,4,0,6,11
1946,Hispanic,1,1,8,16,4,4,0,8,0,0,0,0,0,1,4,0,1,10
1947,Hispanic,2,0,4,16,3,8,1,4,0,0,0,0,0,0,4,0,7,6
1958,Non-Hispanic American Indian or Alaska Native,0,1,2,0,0,0,0,0,0,0,0,0,0,0,0,0,1,0
1959,Non-Hispanic American Indian or Alaska Native,0,0,0,0,0,0,0,0,0,0,0,0,0,0,0,0,0,0
1960,Non-Hispanic American Indian or Alaska Native,0,0,0,1,0,0,0,0,0,0,0,0,0,0,0,0,0,0
1961,Non-Hispanic American Indian or Alaska Native,0,0,0,0,0,0,0,0,0,0,0,0,0,0,0,0,0,0
1962,Non-Hispanic American Indian or Alaska Native,0,0,0,1,0,0,0,0,0,0,0,0,0,0,0,0,0,1
1963,Non-Hispanic American Indian or Alaska Native,0,0,0,1,0,0,1,0,0,0,0,0,0,0,0,0,0,0
1964,Non-Hispanic American Indian or Alaska Native,0,0,1,2,0,0,0,1,0,0,0,0,0,0,0,0,0,0
1965,Non-Hispanic American Indian or Alaska Native,1,0,1,0,0,0,0,0,1,0,0,0,0,0,0,0,0,1
1966,Non-Hispanic American Indian or Alaska Native,0,0,1,0,0,0,0,0,0,0,0,0,0,0,1,0,0,0
1967,Non-Hispanic American Indian or Alaska Native,0,1,0,1,0,0,0,1,0,0,0,0,0,0,0,0,1,0
1968,Non-Hispanic American Indian or Alaska Native,0,0,0,2,0,0,0,0,0,0,0,0,0,0,0,0,1,0
1969,Non-Hispanic American Indian or Alaska Native,0,0,0,1,1,0,0,1,0,0,0,0,0,0,0,0,0,0
1980,Non-Hispanic Asian,0,0,2,6,3,0,0,1,1,0,0,0,0,0,1,1,2,3
1981,Non-Hispanic Asian,2,1,0,2,1,0,0,3,0,0,0,0,0,0,0,1,2,4
1982,Non-Hispanic Asian,0,0,2,2,3,0,0,4,0,0,0,0,0,0,0,0,2,2
1983,Non-Hispanic Asian,0,1,1,4,4,1,0,1,0,0,0,0,0,0,1,0,3,3
1984,Non-Hispanic Asian,1,0,3,2,1,1,0,1,0,0,0,0,0,0,0,0,3,0
1985,Non-Hispanic Asian,1,0,1,1,1,1,0,3,0,0,0,0,0,0,1,0,2,2
1986,Non-Hispanic Asian,1,1,1,5,3,1,0,1,0,0,0,0,0,0,0,0,2,0
1987,Non-Hispanic Asian,2,1,1,6,2,2,0,1,0,0,0,0,0,0,0,0,2,3
1988,Non-Hispanic Asian,0,0,2,1,2,0,0,5,0,0,0,0,0,0,0,1,2,0
1989,Non-Hispanic Asian,3,0,1,3,1,0,0,1,0,0,0,0,0,0,0,0,2,2
1990,Non-Hispanic Asian,0,1,0,1,2,0,0,1,1,0,0,0,0,0,1,0,5,2
1991,Non-Hispanic Asian,0,1,1,1,3,5,0,0,0,0,0,0,0,0,0,0,3,0
2002,Non-Hispanic Black,3,1,6,15,7,5,1,9,2,0,0,0,0,1,2,0,4,5
2003,Non-Hispanic Black,2,0,6,9,2,2,0,7,1,0,0,0,0,1,5,0,7,10
2004,Non-Hispanic Black,0,1,4,10,1,6,0,8,0,0,0,0,0,0,4,1,2,5
2005,Non-Hispanic Black,2,1,4,10,8,3,0,6,0,0,0,0,0,2,1,0,4,7
2006,Non-Hispanic Black,1,1,4,12,2,3,0,8,0,0,0,0,0,0,4,2,8,11
2007,Non-Hispanic Black,1,0,1,11,1,4,0,11,0,0,0,0,0,2,0,2,2,7
2008,Non-Hispanic Black,0,2,2,13,3,9,1,8,0,0,0,0,0,0,3,3,4,10
2009,Non-Hispanic Black,1,1,1,19,4,3,1,7,0,0,0,0,0,0,2,0,2,9
2010,Non-Hispanic Black,2,1,1,11,3,1,2,6,0,0,0,0,0,1,3,1,4,9
2011,Non-Hispanic Black,3,2,1,11,4,2,0,14,1,0,0,0,0,0,3,2,1,13
2012,Non-Hispanic Black,0,1,3,12,3,3,0,10,1,0,0,0,0,1,2,1,1,11
2013,Non-Hispanic Black,4,0,4,16,0,3,0,7,1,0,0,0,0,2,4,0,8,7
2024,Non-Hispanic More than one race,0,1,0,3,1,0,0,0,1,0,0,0,0,0,1,0,0,0
2025,Non-Hispanic More than one race,0,0,0,0,0,0,0,0,0,0,0,0,0,0,0,0,0,0
2026,Non-Hispanic More than one race,0,0,0,2,0,0,0,0,0,0,0,0,0,0,0,1,0,0
2027,Non-Hispanic More than one race,0,2,0,1,1,0,0,0,0,0,0,0,0,0,0,0,0,0
2028,Non-Hispanic More than one race,0,0,0,2,0,0,0,0,0,0,0,0,0,0,0,0,0,0
2029,Non-Hispanic More than one race,0,0,0,0,0,1,0,0,0,0,0,0,0,0,0,0,0,0
2030,Non-Hispanic More than one race,0,1,0,0,0,0,0,0,0,0,0,0,0,0,0,0,2,0
2031,Non-Hispanic More than one race,0,0,0,0,1,0,0,0,0,0,0,0,0,0,0,0,1,0
2032,Non-Hispanic More than one race,0,0,1,0,1,1,0,0,0,0,0,0,0,0,0,0,0,1
2033,Non-Hispanic More than one race,1,1,0,1,0,0,0,1,0,0,0,0,0,0,0,0,1,1
2034,Non-Hispanic More than one race,0,1,0,0,0,0,0,0,0,0,0,0,0,0,0,0,2,1
2035,Non-Hispanic More than one race,0,0,1,2,0,0,0,0,0,0,0,0,0,0,0,0,0,1
2046,Non-Hispanic Native Hawaiian or Other Pacific Islander,0,0,1,1,1,0,0,0,0,0,0,0,0,0,0,0,0,0
2047,Non-Hispanic Native Hawaiian or Other Pacific Islander,0,0,0,0,0,0,0,0,0,0,0,0,0,0,0,0,0,0
2048,Non-Hispanic Native Hawaiian or Other Pacific Islander,1,0,0,0,0,0,0,0,0,0,0,0,0,0,0,0,0,0
2049,Non-Hispanic Native Hawaiian or Other Pacific Islander,0,0,0,0,0,0,0,0,0,0,0,0,0,0,0,0,1,0
2050,Non-Hispanic Native Hawaiian or Other Pacific Islander,0,0,0,0,2,0,0,0,1,0,0,0,0,0,0,0,1,0
2051,Non-Hispanic Native Hawaiian or Other Pacific Islander,0,0,0,0,0,0,0,0,0,0,0,0,0,0,0,0,0,0
2052,Non-Hispanic Native Hawaiian or Other Pacific Islander,0,0,0,2,0,0,0,0,0,0,0,0,0,0,0,0,0,0
2053,Non-Hispanic Native Hawaiian or Other Pacific Islander,0,0,0,0,0,0,0,0,0,0,0,0,0,0,0,0,0,1
2054,Non-Hispanic Native Hawaiian or Other Pacific Islander,1,0,0,1,0,0,0,0,0,0,0,0,0,0,0,0,0,0
2055,Non-Hispanic Native Hawaiian or Other Pacific Islander,0,0,0,0,0,0,0,0,0,0,0,0,0,0,0,0,0,0
2056,Non-Hispanic Native Hawaiian or Other Pacific Islander,0,0,0,0,1,0,0,1,0,0,0,0,0,0,0,0,0,0
2057,Non-Hispanic Native Hawaiian or Other Pacific Islander,1,0,0,0,0,0,0,0,0,0,0,0,0,0,0,0,0,0
2068,Non-Hispanic White,6,13,8,42,11,15,5,23,19,0,0,0,0,1,10,1,42,25
2069,Non-Hispanic White,6,4,9,37,7,22,1,14,14,2,0,0,0,0,4,0,35,25
2070,Non-Hispanic White,7,12,6,45,12,19,0,17,15,0,0,0,0,4,11,2,30,36
2071,Non-Hispanic White,7,7,5,34,7,11,1,25,10,0,0,0,0,0,9,0,30,25
2072,Non-Hispanic White,4,11,9,41,3,14,1,35,13,1,0,0,0,1,4,2,31,26
2073,Non-Hispanic White,6,16,5,29,3,16,2,23,13,1,0,0,0,1,7,1,31,22
2074,Non-Hispanic White,5,10,3,42,9,10,0,19,15,1,0,0,0,0,7,3,39,23
2075,Non-Hispanic White,3,17,6,46,9,13,1,15,9,0,0,0,0,0,4,2,37,25
2076,Non-Hispanic White,5,13,9,38,8,10,0,18,10,1,0,0,0,0,4,1,33,26
2077,Non-Hispanic White,5,12,5,48,11,11,1,18,16,0,0,0,0,2,10,5,29,26
2078,Non-Hispanic White,8,13,8,51,7,13,0,17,12,0,0,0,0,3,3,0,31,25
2079,Non-Hispanic White,3,17,10,48,4,16,2,27,18,1,0,0,0,3,6,3,34,34
2112,Hispanic,2,9,22,26,23,16,3,11,2,0,0,0,0,1,5,2,10,21
2113,Hispanic,3,6,12,22,15,20,1,10,2,1,0,0,0,5,8,1,11,14
2114,Hispanic,6,5,19,40,13,9,0,18,2,1,0,0,0,4,8,2,14,20
2115,Hispanic,4,7,15,28,23,11,1,9,1,1,0,0,0,4,9,2,10,28
2116,Hispanic,4,5,13,30,12,21,2,14,4,0,0,0,0,3,7,1,5,16
2117,Hispanic,3,2,9,36,18,16,0,9,2,0,0,0,0,6,11,0,5,15
2118,Hispanic,4,7,14,39,17,22,1,13,2,0,0,0,0,1,9,2,12,19
2119,Hispanic,4,7,13,20,19,7,0,17,0,1,0,0,0,0,7,2,10,16
2120,Hispanic,6,6,13,30,12,19,3,13,3,0,0,0,0,1,4,1,9,25
2121,Hispanic,2,5,9,28,16,18,0,8,0,1,0,0,0,4,10,1,7,15
2122,Hispanic,6,4,12,30,18,24,1,12,3,1,0,0,0,2,18,0,11,18
2123,Hispanic,4,4,14,35,19,16,1,17,0,0,0,0,0,4,12,3,12,20
2134,Non-Hispanic American Indian or Alaska Native,1,1,0,5,0,0,0,1,0,0,0,0,0,0,0,1,0,1
2135,Non-Hispanic American Indian or Alaska Native,0,0,0,4,0,2,0,1,0,0,0,0,0,0,0,0,0,0
2136,Non-Hispanic American Indian or Alaska Native,0,0,1,1,0,2,1,1,0,0,0,0,0,1,1,0,0,1
2137,Non-Hispanic American Indian or Alaska Native,1,0,1,3,1,1,0,3,0,0,0,0,0,0,1,0,0,0
2138,Non-Hispanic American Indian or Alaska Native,0,0,0,3,1,0,0,0,0,0,0,0,0,0,1,0,0,0
2139,Non-Hispanic American Indian or Alaska Native,0,0,0,1,4,0,0,0,0,0,0,0,0,1,0,0,2,0
2140,Non-Hispanic American Indian or Alaska Native,0,0,0,2,1,2,0,3,0,0,0,0,0,0,1,0,1,0
2141,Non-Hispanic American Indian or Alaska Native,1,0,0,3,0,0,0,2,0,0,0,0,0,0,0,1,0,0
2142,Non-Hispanic American Indian or Alaska Native,0,0,1,2,1,0,0,1,0,0,0,0,0,0,1,0,0,1
2143,Non-Hispanic American Indian or Alaska Native,0,1,1,2,2,1,0,2,0,0,0,0,0,1,0,0,0,2
2144,Non-Hispanic American Indian or Alaska Native,0,0,2,2,0,2,0,0,0,0,0,0,0,0,0,0,0,0
2145,Non-Hispanic American Indian or Alaska Native,0,0,1,0,0,1,0,0,0,0,0,0,0,0,0,0,0,2
2157,Non-Hispanic Asian,2,1,5,8,5,5,0,5,1,0,0,0,0,1,1,0,2,0
2158,Non-Hispanic Asian,2,1,1,4,7,5,0,11,0,0,0,0,0,0,0,1,2,4
2159,Non-Hispanic Asian,4,2,5,7,2,1,0,8,1,1,0,0,0,0,2,0,5,3
2160,Non-Hispanic Asian,3,3,3,7,12,5,0,7,0,0,0,0,0,1,0,0,3,0
2161,Non-Hispanic Asian,2,1,5,15,7,5,0,17,2,0,0,0,0,0,2,0,2,3
2162,Non-Hispanic Asian,4,1,2,5,10,4,0,8,0,0,0,0,0,0,2,0,2,2
2163,Non-Hispanic Asian,2,2,4,4,3,7,1,5,0,0,0,0,0,0,1,0,4,2
2164,Non-Hispanic Asian,4,2,3,7,4,2,0,8,0,0,0,0,0,0,2,0,4,7
2165,Non-Hispanic Asian,3,0,3,13,9,4,0,7,0,0,0,0,0,2,3,1,5,3
2166,Non-Hispanic Asian,3,2,1,10,4,4,1,10,0,1,0,0,0,1,2,1,4,2
2167,Non-Hispanic Asian,3,4,6,11,9,4,0,6,1,0,0,0,0,0,2,0,6,5
2168,Non-Hispanic Asian,4,1,1,10,12,5,0,8,0,0,0,0,0,0,1,0,1,2
2179,Non-Hispanic Black,11,11,10,42,7,21,1,29,0,1,0,0,0,7,12,0,11,25
2180,Non-Hispanic Black,2,4,4,30,12,11,0,37,0,0,0,0,0,9,6,3,10,20
2181,Non-Hispanic Black,8,7,13,40,13,22,4,35,0,2,0,0,0,11,5,0,8,20
2182,Non-Hispanic Black,6,5,13,45,11,13,7,41,0,1,0,0,0,9,10,2,6,15
2183,Non-Hispanic Black,8,11,9,41,12,17,3,45,1,1,0,0,0,10,5,3,6,24
2184,Non-Hispanic Black,5,6,10,36,5,24,7,30,0,0,0,0,0,13,5,5,8,22
2185,Non-Hispanic Black,6,5,8,37,12,19,2,38,1,1,0,0,0,8,9,2,6,26
2186,Non-Hispanic Black,8,8,4,35,8,21,3,27,1,0,0,0,0,10,6,2,10,24
2187,Non-Hispanic Black,7,4,5,33,3,15,2,23,0,1,0,0,0,6,8,1,8,19
2188,Non-Hispanic Black,4,7,16,34,9,18,6,31,1,4,0,0,0,7,5,4,9,25
2189,Non-Hispanic Black,3,3,7,36,12,25,2,31,0,2,0,0,0,9,12,1,9,19
2190,Non-Hispanic Black,7,6,6,42,10,21,1,25,1,2,0,0,0,15,9,3,7,13
2201,Non-Hispanic More than one race,0,1,0,1,2,1,0,0,0,0,0,0,0,0,1,0,0,0
2202,Non-Hispanic More than one race,0,0,0,1,0,1,0,0,0,0,0,0,0,0,0,0,0,1
2203,Non-Hispanic More than one race,0,0,0,4,0,0,0,1,0,0,0,0,0,0,0,1,0,0
2204,Non-Hispanic More than one race,1,0,0,0,0,0,1,1,0,0,0,0,0,0,0,0,0,2
2205,Non-Hispanic More than one race,0,0,0,3,0,2,0,0,0,0,0,0,0,0,0,0,0,0
2206,Non-Hispanic More than one race,0,0,1,3,0,3,0,1,0,0,0,0,0,0,1,0,1,3
2207,Non-Hispanic More than one race,0,1,1,0,1,1,0,1,0,0,0,0,0,1,0,0,0,1
2208,Non-Hispanic More than one race,0,1,1,3,1,0,0,1,0,0,0,0,0,0,0,0,1,0
2209,Non-Hispanic More than one race,1,0,1,3,2,1,0,2,0,0,0,0,0,0,0,0,1,0
2210,Non-Hispanic More than one race,0,0,1,5,0,1,0,1,0,0,0,0,0,0,1,0,0,0
2211,Non-Hispanic More than one race,0,0,0,1,2,1,0,2,0,0,0,0,0,0,0,0,0,1
2212,Non-Hispanic More than one race,1,0,0,1,0,1,0,2,0,0,0,0,0,1,1,0,1,3
2223,Non-Hispanic Native Hawaiian or Other Pacific Islander,0,0,0,0,0,0,0,0,0,0,0,0,0,0,1,0,0,0
2224,Non-Hispanic Native Hawaiian or Other Pacific Islander,0,0,0,1,1,0,0,0,0,0,0,0,0,0,0,0,0,0
2225,Non-Hispanic Native Hawaiian or Other Pacific Islander,0,1,0,0,0,0,0,0,0,0,0,0,0,0,0,0,0,0
2226,Non-Hispanic Native Hawaiian or Other Pacific Islander,0,0,0,1,2,0,0,0,0,0,0,0,0,0,0,0,0,0
2227,Non-Hispanic Native Hawaiian or Other Pacific Islander,0,0,0,2,3,0,0,2,0,0,0,0,0,0,0,0,0,0
2228,Non-Hispanic Native Hawaiian or Other Pacific Islander,0,0,0,0,0,0,0,1,0,0,0,0,0,0,0,0,0,1
2229,Non-Hispanic Native Hawaiian or Other Pacific Islander,0,2,0,0,1,3,0,0,0,0,0,0,0,0,0,0,0,0
2230,Non-Hispanic Native Hawaiian or Other Pacific Islander,1,0,0,0,1,0,0,0,0,0,0,0,0,0,0,0,0,0
2231,Non-Hispanic Native Hawaiian or Other Pacific Islander,0,0,0,0,0,0,0,0,0,0,0,0,0,0,0,0,2,1
2232,Non-Hispanic Native Hawaiian or Other Pacific Islander,1,0,0,2,1,0,0,1,0,0,0,0,0,0,0,0,0,0
2233,Non-Hispanic Native Hawaiian or Other Pacific Islander,1,0,0,0,0,0,0,0,0,0,0,0,0,0,0,0,1,0
2234,Non-Hispanic Native Hawaiian or Other Pacific Islander,0,0,0,1,1,0,0,1,0,0,0,0,0,0,0,0,0,0
2245,Non-Hispanic White,32,54,21,147,38,101,10,191,31,2,0,0,0,18,35,19,73,72
2246,Non-Hispanic White,40,60,18,160,41,96,10,143,26,5,0,0,0,14,36,8,85,58
2247,Non-Hispanic White,25,59,33,146,40,90,8,169,25,2,0,0,0,7,30,15,80,86
2248,Non-Hispanic White,45,58,28,154,41,75,10,162,39,2,0,0,0,16,34,11,82,82
2249,Non-Hispanic White,42,50,22,152,49,72,6,138,41,1,0,0,0,13,30,20,73,64
2250,Non-Hispanic White,36,63,19,122,34,75,12,151,37,1,0,0,0,15,41,9,62,83
2251,Non-Hispanic White,33,64,20,151,38,73,16,153,22,1,0,0,0,16,39,17,85,79
2252,Non-Hispanic White,34,63,27,163,49,78,11,175,35,2,0,0,0,13,39,23,62,72
2253,Non-Hispanic White,41,52,22,168,43,71,11,154,37,2,0,0,0,13,28,13,67,74
2254,Non-Hispanic White,44,56,16,148,35,89,13,173,30,2,0,0,0,15,43,18,76,62
2255,Non-Hispanic White,42,41,20,145,38,75,12,166,29,1,0,0,0,13,38,13,75,66
2256,Non-Hispanic White,32,47,20,130,55,80,11,158,32,2,0,0,0,13,30,19,58,89
2288,Hispanic,7,9,33,53,59,43,8,57,1,1,0,0,0,16,21,6,10,37
2289,Hispanic,12,15,18,60,58,40,1,50,3,0,0,0,0,19,18,9,7,49
2290,Hispanic,7,8,15,65,66,40,3,45,1,0,0,0,0,27,16,10,17,33
2291,Hispanic,11,15,14,49,66,31,4,51,2,0,0,0,0,17,23,2,14,36
2292,Hispanic,6,10,27,52,49,42,4,43,2,2,0,0,0,17,19,5,12,40
2293,Hispanic,12,16,22,50,82,35,6,40,3,0,0,0,0,17,15,3,14,34
2294,Hispanic,17,16,21,56,52,28,3,54,4,0,0,0,0,22,13,7,13,42
2295,Hispanic,12,22,27,56,58,35,3,49,4,0,0,0,0,20,18,4,16,36
2296,Hispanic,11,11,18,41,57,39,2,52,1,0,0,0,0,21,15,1,17,37
2297,Hispanic,11,16,15,66,76,47,5,52,2,1,0,0,0,19,13,5,17,32
2298,Hispanic,9,19,20,54,73,33,6,48,2,0,0,0,0,17,28,6,17,29
2299,Hispanic,9,9,19,36,65,32,3,43,5,2,0,0,0,20,26,9,18,38
2310,Non-Hispanic American Indian or Alaska Native,3,0,1,6,6,2,0,8,1,0,0,0,0,3,3,0,1,0
2311,Non-Hispanic Asian,7,5,11,16,27,12,1,32,1,0,0,0,0,5,2,0,5,11
2312,Non-Hispanic American Indian or Alaska Native,1,1,0,2,1,1,0,10,0,0,0,0,0,1,3,1,1,3
2313,Non-Hispanic American Indian or Alaska Native,0,3,2,4,5,5,1,3,0,0,0,0,0,1,1,0,0,2
2314,Non-Hispanic American Indian or Alaska Native,1,1,0,7,3,7,1,2,0,0,0,0,0,4,6,2,0,3
2315,Non-Hispanic American Indian or Alaska Native,2,1,2,5,1,4,2,7,0,0,0,0,0,0,0,1,1,1
2316,Non-Hispanic American Indian or Alaska Native,0,0,0,3,5,1,1,4,0,0,0,0,0,1,1,0,3,0
2317,Non-Hispanic American Indian or Alaska Native,2,1,1,3,6,3,0,9,0,0,0,0,0,2,4,2,0,3
2318,Non-Hispanic American Indian or Alaska Native,1,1,1,6,3,2,0,10,0,0,0,0,0,2,3,2,0,4
2319,Non-Hispanic American Indian or Alaska Native,1,1,3,1,5,3,0,8,2,0,0,0,0,0,6,1,0,1
2320,Non-Hispanic American Indian or Alaska Native,0,2,1,4,7,1,0,8,0,0,0,0,0,2,0,0,0,3
2321,Non-Hispanic American Indian or Alaska Native,0,1,2,3,4,1,0,5,0,0,0,0,0,0,2,1,0,2
2322,Non-Hispanic American Indian or Alaska Native,2,1,2,7,2,1,0,6,0,0,0,0,0,2,4,0,0,1
2333,Non-Hispanic Asian,11,7,5,19,18,15,1,27,1,0,0,0,0,1,3,4,5,12
2334,Non-Hispanic Asian,7,4,7,23,17,9,0,26,1,0,0,0,0,1,2,2,9,9
2335,Non-Hispanic Asian,6,4,13,16,19,8,1,31,2,0,0,0,0,4,1,0,5,11
2336,Non-Hispanic Asian,5,2,11,17,26,10,1,34,0,1,0,0,0,7,3,2,6,9
2337,Non-Hispanic Asian,4,6,2,21,20,15,0,29,1,0,0,0,0,2,5,0,12,4
2338,Non-Hispanic Asian,8,3,8,21,16,9,1,22,0,0,0,0,0,2,5,1,1,8
2339,Non-Hispanic Asian,5,3,3,18,18,8,1,32,1,0,0,0,0,6,1,1,6,9
2340,Non-Hispanic Asian,8,5,7,14,21,14,0,26,0,0,0,0,0,2,3,0,2,12
2341,Non-Hispanic Asian,7,3,6,26,26,14,1,41,0,0,0,0,0,0,5,4,6,15
2342,Non-Hispanic Asian,5,5,5,20,28,8,1,26,0,0,0,0,0,5,6,2,9,12
2343,Non-Hispanic Asian,9,3,6,18,21,7,2,39,0,0,0,0,0,0,6,1,8,13
2354,Non-Hispanic Black,18,25,25,96,68,63,11,177,1,2,0,0,0,83,14,14,19,53
2355,Non-Hispanic Black,11,19,23,92,67,69,9,164,1,0,0,0,0,63,23,11,23,60
2356,Non-Hispanic Black,17,25,19,99,55,64,13,198,1,2,0,0,0,61,17,24,16,65
2357,Non-Hispanic Black,21,27,24,91,63,68,9,212,0,2,0,0,0,73,18,12,12,54
2358,Non-Hispanic Black,19,21,18,87,69,66,14,176,2,0,0,0,0,69,28,9,8,48
2359,Non-Hispanic Black,22,20,31,88,49,58,8,166,1,1,0,0,0,63,16,6,15,50
2360,Non-Hispanic Black,22,27,27,110,55,60,12,196,1,0,0,0,0,68,18,7,16,52
2361,Non-Hispanic Black,24,16,23,85,53,70,8,193,0,2,0,0,0,79,17,9,12,53
2362,Non-Hispanic Black,18,23,22,95,51,63,14,171,3,1,0,0,0,60,14,16,13,45
2363,Non-Hispanic Black,22,32,21,96,50,57,10,148,2,2,0,0,0,78,22,12,18,47
2364,Non-Hispanic Black,32,20,14,94,60,59,11,167,2,2,0,0,0,73,15,19,14,65
2365,Non-Hispanic Black,30,26,25,96,62,63,13,157,2,0,0,0,0,78,20,6,8,67
2376,Non-Hispanic More than one race,1,2,0,2,5,1,0,5,0,0,0,0,0,1,0,1,0,1
2377,Non-Hispanic More than one race,1,0,0,3,0,2,0,4,0,0,0,0,0,2,3,0,2,2
2378,Non-Hispanic More than one race,0,2,1,3,3,1,0,10,0,0,0,0,0,2,0,0,0,1
2379,Non-Hispanic More than one race,1,2,1,5,3,1,0,6,0,0,0,0,0,2,2,0,0,4
2380,Non-Hispanic More than one race,1,2,0,4,1,4,0,7,0,0,0,0,0,0,2,0,1,2
2381,Non-Hispanic More than one race,1,1,1,3,0,2,0,5,0,0,0,0,0,1,0,0,1,5
2382,Non-Hispanic More than one race,1,3,1,2,0,2,0,3,0,0,0,0,0,0,0,0,2,2
2383,Non-Hispanic More than one race,0,6,1,2,3,0,0,1,0,0,0,0,0,0,2,0,0,1
2384,Non-Hispanic More than one race,1,1,0,1,2,2,0,2,0,1,0,0,0,1,0,0,2,1
2385,Non-Hispanic More than one race,1,1,0,5,2,5,0,6,0,0,0,0,0,1,2,1,0,4
2386,Non-Hispanic More than one race,0,1,0,2,0,6,1,5,0,1,0,0,0,1,2,1,1,1
2387,Non-Hispanic More than one race,0,1,0,3,1,2,0,4,0,0,0,0,0,1,0,3,0,6
2398,Non-Hispanic Native Hawaiian or Other Pacific Islander,0,0,0,0,0,1,0,4,0,0,0,0,0,1,0,0,1,0
2399,Non-Hispanic Native Hawaiian or Other Pacific Islander,0,0,1,0,0,0,0,1,0,0,0,0,0,0,1,0,0,2
2400,Non-Hispanic Native Hawaiian or Other Pacific Islander,0,0,1,1,1,0,0,3,0,0,0,0,0,0,0,0,0,1
2401,Non-Hispanic Native Hawaiian or Other Pacific Islander,0,0,0,2,1,1,0,0,0,0,0,0,0,0,0,0,0,2
2402,Hispanic,4,13,20,49,87,46,9,105,6,0,0,0,0,52,29,13,18,69
2403,Non-Hispanic Native Hawaiian or Other Pacific Islander,0,0,0,0,0,0,0,4,0,0,0,0,0,0,0,0,0,0
2404,Non-Hispanic Native Hawaiian or Other Pacific Islander,1,1,0,0,0,0,0,2,0,0,0,0,0,0,0,0,0,2
2405,Non-Hispanic Native Hawaiian or Other Pacific Islander,0,0,0,0,2,0,0,3,0,0,0,0,0,1,0,0,0,1
2406,Non-Hispanic Native Hawaiian or Other Pacific Islander,1,1,0,1,1,1,0,1,0,0,0,0,0,0,0,0,0,0
2407,Non-Hispanic Native Hawaiian or Other Pacific Islander,0,0,0,1,1,0,1,3,0,0,0,0,0,0,0,0,1,0
2408,Non-Hispanic Native Hawaiian or Other Pacific Islander,0,0,0,0,1,1,0,0,0,0,0,0,0,0,0,0,0,0
2409,Non-Hispanic Native Hawaiian or Other Pacific Islander,0,0,1,1,4,0,0,1,0,0,0,0,0,0,1,0,0,1
2410,Non-Hispanic Native Hawaiian or Other Pacific Islander,1,0,0,3,0,0,0,2,0,0,0,0,0,2,0,0,0,1
2421,Non-Hispanic White,154,236,72,429,263,318,42,962,59,5,0,0,0,135,120,79,177,275
2422,Non-Hispanic White,131,187,60,325,261,300,46,941,79,4,0,0,0,149,109,77,154,237
2423,Non-Hispanic White,146,199,58,359,250,337,48,992,60,5,0,0,0,137,130,78,165,283
2424,Non-Hispanic White,143,170,56,330,246,259,47,972,74,2,0,0,0,127,129,82,166,268
2425,Non-Hispanic White,121,225,60,361,247,340,56,945,90,6,0,0,0,188,105,85,156,218
2426,Non-Hispanic White,113,195,61,339,262,273,49,913,66,8,0,0,0,173,106,78,171,252
2427,Non-Hispanic White,155,255,79,344,264,294,50,926,64,5,0,0,0,162,125,84,177,249
2428,Non-Hispanic White,129,214,58,346,278,299,59,1014,70,4,0,0,0,147,102,70,162,258
2429,Non-Hispanic White,125,185,69,306,293,310,55,940,63,3,0,0,0,161,105,93,164,241
2430,Non-Hispanic White,144,213,68,346,271,318,48,918,80,4,0,0,0,139,144,88,170,263
2431,Non-Hispanic White,121,219,59,369,260,281,51,901,66,2,0,0,0,121,104,88,178,259
2432,Non-Hispanic White,125,202,64,355,266,306,64,959,77,6,0,0,0,147,116,83,183,246
2465,Hispanic,6,20,25,62,62,35,5,78,4,0,0,0,0,43,19,14,11,53
2466,Hispanic,9,14,22,63,71,59,6,98,1,0,0,0,0,45,19,8,20,66
2467,Hispanic,9,12,14,42,76,31,5,96,1,0,0,0,0,40,23,6,19,51
2468,Hispanic,13,16,20,47,53,46,4,98,6,0,0,0,0,40,17,10,16,36
2469,Hispanic,5,17,20,57,60,44,5,84,5,0,0,0,0,45,23,9,16,54
2470,Hispanic,10,6,24,49,66,42,4,86,3,0,0,0,0,53,20,8,15,50
2471,Hispanic,10,20,22,59,78,47,8,106,4,0,0,0,0,44,18,12,17,47
2472,Hispanic,12,20,22,51,96,40,3,75,4,1,0,0,0,44,16,8,12,45
2473,Hispanic,11,13,17,62,60,43,6,97,4,1,0,0,0,45,20,9,11,53
2474,Hispanic,12,19,20,51,74,48,2,92,5,0,0,0,0,48,14,10,11,48
2475,Hispanic,21,22,17,58,68,58,4,97,2,2,0,0,0,58,23,8,13,53
2486,Non-Hispanic American Indian or Alaska Native,4,2,2,2,4,0,0,18,0,0,0,0,0,5,0,1,0,3
2487,Non-Hispanic American Indian or Alaska Native,0,2,1,2,10,3,0,8,0,0,0,0,0,5,5,1,0,3
2488,Non-Hispanic American Indian or Alaska Native,1,1,1,3,8,5,1,11,0,0,0,0,0,2,1,1,2,5
2489,Non-Hispanic American Indian or Alaska Native,1,3,3,4,4,8,0,8,1,0,0,0,0,2,0,0,0,3
2490,Non-Hispanic American Indian or Alaska Native,1,2,1,4,6,1,1,7,0,0,0,0,0,3,2,1,0,5
2491,Non-Hispanic American Indian or Alaska Native,1,1,1,3,4,5,0,7,0,0,0,0,0,4,2,1,2,1
2492,Non-Hispanic American Indian or Alaska Native,3,1,1,2,4,4,0,13,0,2,0,0,0,2,2,0,0,0
2493,Non-Hispanic American Indian or Alaska Native,0,0,3,5,11,1,1,16,0,0,0,0,0,3,0,2,1,3
2494,Non-Hispanic American Indian or Alaska Native,1,2,0,5,8,1,0,15,0,0,0,0,0,1,3,1,0,5
2495,Non-Hispanic American Indian or Alaska Native,1,0,3,5,7,0,3,8,0,0,0,0,0,2,2,0,2,6
2496,Non-Hispanic American Indian or Alaska Native,0,3,2,5,3,2,0,18,0,0,0,0,0,5,2,0,0,0
2497,Non-Hispanic American Indian or Alaska Native,1,0,1,7,7,7,0,10,0,0,0,0,0,5,2,0,1,2
2508,Non-Hispanic Asian,7,6,15,20,18,25,1,56,1,1,0,0,0,14,3,3,2,32
2509,Non-Hispanic Asian,6,2,18,19,27,18,2,48,1,2,0,0,0,6,6,6,4,21
2510,Non-Hispanic Asian,6,6,10,19,20,21,2,53,1,0,0,0,0,11,3,4,4,28
2511,Non-Hispanic Asian,10,7,9,24,29,18,0,51,0,0,0,0,0,10,5,6,4,24
2512,Non-Hispanic Asian,3,4,20,21,26,14,1,54,1,0,0,0,0,14,6,3,2,13
2513,Non-Hispanic Asian,4,5,9,14,12,15,0,45,1,0,0,0,0,10,2,6,3,20
2514,Non-Hispanic Asian,5,5,10,20,21,18,1,50,1,0,0,0,0,5,6,4,2,19
2515,Non-Hispanic Asian,6,5,10,15,33,16,0,53,0,0,0,0,0,8,6,7,5,18
2516,Non-Hispanic Asian,4,8,10,27,33,16,0,59,1,0,0,0,0,19,6,5,5,16
2517,Non-Hispanic Asian,6,9,8,18,22,21,2,56,0,0,0,0,0,13,5,1,4,19
2518,Non-Hispanic Asian,3,10,14,18,20,20,1,55,0,0,0,0,0,12,5,3,7,21
2519,Non-Hispanic Asian,5,10,8,19,21,17,0,63,1,0,0,0,0,14,5,4,7,23
2530,Non-Hispanic Black,21,27,32,100,101,65,12,258,2,2,0,0,0,134,30,27,7,82
2531,Non-Hispanic Black,20,28,32,90,85,87,16,254,1,1,0,0,0,135,18,18,19,63
2532,Non-Hispanic Black,20,21,33,84,103,86,14,260,0,3,0,0,0,142,22,18,13,74
2533,Non-Hispanic Black,24,19,29,97,81,65,14,254,2,4,0,0,0,140,23,21,17,82
2534,Non-Hispanic Black,22,24,20,67,91,85,22,256,0,5,0,0,0,136,24,22,10,94
2535,Non-Hispanic Black,18,23,31,83,78,64,11,230,1,1,0,0,0,143,26,19,12,80
2536,Non-Hispanic Black,22,20,41,111,99,83,11,263,3,4,0,0,0,153,25,14,15,93
2537,Non-Hispanic Black,23,30,33,109,110,90,15,228,0,4,0,0,0,149,21,17,13,85
2538,Non-Hispanic Black,22,22,28,99,96,80,16,246,0,4,0,0,0,133,25,14,16,75
2539,Non-Hispanic Black,21,24,23,92,85,94,12,262,2,3,0,0,0,143,30,27,13,70
2540,Non-Hispanic Black,22,18,26,96,98,92,13,243,0,0,0,0,0,133,28,16,18,75
2541,Non-Hispanic Black,19,25,30,101,93,89,18,236,1,1,0,0,0,158,30,28,16,86
2552,Non-Hispanic More than one race,1,2,1,3,5,4,0,8,0,0,0,0,0,2,0,0,1,5
2553,Non-Hispanic More than one race,1,2,0,2,0,4,1,8,0,0,0,0,0,5,0,1,1,2
2554,Non-Hispanic More than one race,0,1,2,1,3,6,0,6,1,0,0,0,0,2,2,2,0,0
2555,Non-Hispanic More than one race,0,2,0,3,4,2,0,13,0,0,0,0,0,3,2,0,0,3
2556,Non-Hispanic More than one race,1,1,0,2,2,2,1,6,0,0,0,0,0,7,1,0,0,3
2557,Non-Hispanic More than one race,1,0,1,2,4,3,0,6,0,0,0,0,0,0,2,0,2,2
2558,Non-Hispanic More than one race,0,1,0,1,4,2,0,14,0,0,0,0,0,4,0,1,1,4
2559,Non-Hispanic More than one race,1,1,1,0,4,2,0,8,0,0,0,0,0,4,2,2,1,4
2560,Non-Hispanic More than one race,2,0,0,4,4,3,0,6,0,0,0,0,0,2,1,1,1,4
2561,Non-Hispanic More than one race,0,2,0,1,2,4,0,12,0,1,0,0,0,7,1,0,0,3
2562,Non-Hispanic More than one race,1,1,0,1,3,2,0,7,1,0,0,0,0,1,2,1,0,2
2563,Non-Hispanic More than one race,0,1,2,2,1,3,0,8,1,0,0,0,0,5,2,3,1,3
2574,Non-Hispanic Native Hawaiian or Other Pacific Islander,0,0,0,0,3,0,0,2,0,0,0,0,0,1,0,0,0,2
2575,Non-Hispanic Native Hawaiian or Other Pacific Islander,0,0,2,1,1,0,0,3,0,0,0,0,0,2,1,0,0,1
2576,Non-Hispanic Native Hawaiian or Other Pacific Islander,0,0,0,0,0,0,0,2,0,0,0,0,0,1,0,0,0,0
2577,Non-Hispanic Native Hawaiian or Other Pacific Islander,0,1,0,0,1,1,0,1,0,0,0,0,0,1,0,0,0,0
2578,Non-Hispanic Native Hawaiian or Other Pacific Islander,0,1,0,3,0,0,0,2,0,0,0,0,0,0,0,0,0,0
2579,Non-Hispanic Native Hawaiian or Other Pacific Islander,0,1,0,1,2,0,0,2,0,0,0,0,0,1,0,0,0,0
2580,Non-Hispanic Native Hawaiian or Other Pacific Islander,0,1,1,0,1,0,0,3,0,0,0,0,0,2,1,0,0,1
2581,Non-Hispanic Native Hawaiian or Other Pacific Islander,1,1,0,0,1,4,0,0,0,0,0,0,0,1,0,0,0,0
2582,Non-Hispanic Native Hawaiian or Other Pacific Islander,1,0,3,0,1,0,0,1,0,0,0,0,0,1,1,0,1,0
2583,Non-Hispanic Native Hawaiian or Other Pacific Islander,0,0,0,0,0,1,0,3,0,0,0,0,0,0,0,0,0,0
2584,Non-Hispanic Native Hawaiian or Other Pacific Islander,0,1,0,1,0,0,0,4,0,0,0,0,0,3,0,1,0,0
2585,Non-Hispanic Native Hawaiian or Other Pacific Islander,0,0,0,0,1,0,0,5,0,0,0,0,0,2,1,0,0,0
2596,Non-Hispanic White,155,337,83,484,407,562,53,1844,150,18,0,0,0,516,171,211,198,594
2597,Non-Hispanic White,179,341,83,420,333,527,69,1672,114,6,0,0,0,407,196,215,194,557
2598,Non-Hispanic White,152,329,99,507,362,535,70,1761,130,6,0,0,0,468,217,231,230,617
2599,Non-Hispanic White,168,311,95,501,376,480,60,1631,126,4,0,0,0,456,196,189,216,596
2600,Non-Hispanic White,169,324,85,448,373,503,63,1635,110,5,0,0,0,457,183,190,228,533
2601,Non-Hispanic White,158,298,92,431,362,503,76,1605,112,11,0,0,0,467,199,181,237,546
2602,Non-Hispanic White,180,340,83,474,391,538,65,1676,95,4,0,0,0,488,194,180,215,587
2603,Non-Hispanic White,159,297,94,491,421,598,66,1783,125,4,0,0,0,457,192,191,205,633
2604,Non-Hispanic White,165,317,96,457,330,546,49,1670,127,13,0,0,0,486,192,205,179,583
2605,Non-Hispanic White,171,305,102,460,394,552,64,1785,121,12,0,0,0,481,193,223,201,585
2606,Non-Hispanic White,168,316,95,447,396,561,62,1717,101,5,0,0,0,439,179,206,220,599
2607,Non-Hispanic White,199,286,90,499,406,593,65,1730,129,9,0,0,0,447,166,209,208,573
2640,Hispanic,10,16,25,56,47,33,4,133,4,1,0,0,0,118,23,21,11,79
2641,Hispanic,8,14,24,60,50,43,3,103,2,1,0,0,0,113,23,21,14,80
2642,Hispanic,7,12,22,66,46,50,7,118,2,1,0,0,0,99,19,39,13,87
2643,Hispanic,7,23,29,71,49,52,10,140,5,2,0,0,0,113,31,28,17,83
2644,Hispanic,15,15,36,64,42,42,7,109,8,0,0,0,0,122,19,31,11,87
2645,Hispanic,8,12,22,67,44,40,7,107,2,1,0,0,0,99,24,19,8,69
2646,Hispanic,13,13,28,64,51,58,4,100,5,0,0,0,0,129,25,31,8,77
2647,Hispanic,11,11,22,55,60,48,8,100,8,0,0,0,0,97,32,39,10,93
2648,Hispanic,9,16,20,51,60,49,4,89,2,2,0,0,0,113,19,21,7,58
2649,Hispanic,15,20,29,63,45,51,8,111,1,2,0,0,0,104,21,22,16,96
2650,Hispanic,17,19,24,65,44,47,6,98,2,0,0,0,0,121,18,25,10,75
2651,Hispanic,9,14,28,65,42,34,10,113,4,2,0,0,0,116,15,35,17,84
2662,Non-Hispanic American Indian or Alaska Native,1,0,1,6,3,7,2,9,0,0,0,0,0,4,1,2,0,7
2663,Non-Hispanic American Indian or Alaska Native,0,2,1,2,2,2,0,9,0,0,0,0,0,3,1,1,1,2
2664,Non-Hispanic American Indian or Alaska Native,0,1,0,3,4,1,0,9,0,0,0,0,0,4,0,4,0,6
2665,Non-Hispanic American Indian or Alaska Native,1,2,4,2,1,1,0,12,1,0,0,0,0,3,1,1,0,1
2666,Non-Hispanic American Indian or Alaska Native,0,0,0,5,5,2,0,14,0,0,0,0,0,3,0,0,1,4
2667,Non-Hispanic American Indian or Alaska Native,0,0,2,5,1,3,0,3,0,0,0,0,0,5,4,3,1,7
2668,Non-Hispanic American Indian or Alaska Native,1,2,0,2,0,3,0,7,1,0,0,0,0,8,4,1,0,2
2669,Non-Hispanic American Indian or Alaska Native,0,2,4,1,4,5,0,6,1,0,0,0,0,5,3,2,0,0
2670,Non-Hispanic American Indian or Alaska Native,0,0,2,4,5,1,0,6,1,0,0,0,0,5,0,1,0,6
2671,Non-Hispanic American Indian or Alaska Native,1,1,3,10,6,3,1,13,1,0,0,0,0,6,2,2,0,4
2672,Non-Hispanic American Indian or Alaska Native,0,2,2,2,2,0,0,11,0,0,0,0,0,8,0,0,0,4
2673,Non-Hispanic American Indian or Alaska Native,0,2,1,3,2,4,0,8,0,0,0,0,0,8,3,2,0,6
2684,Non-Hispanic Asian,7,4,16,24,39,24,2,93,4,0,0,0,0,40,7,14,3,46
2685,Non-Hispanic Asian,5,5,13,36,38,23,4,79,2,0,0,0,0,37,4,5,5,34
2686,Non-Hispanic Asian,7,6,15,30,33,25,1,83,0,0,0,0,0,33,6,15,14,43
2687,Non-Hispanic Asian,15,7,16,32,26,32,2,64,0,0,0,0,0,38,9,10,6,41
2688,Non-Hispanic Asian,4,6,10,24,30,20,2,79,0,0,0,0,0,41,3,17,5,33
2689,Non-Hispanic Asian,4,2,13,24,47,30,0,64,3,0,0,0,0,44,3,15,6,37
2690,Non-Hispanic Asian,3,6,26,30,30,23,2,75,2,2,0,0,0,44,6,14,4,27
2691,Non-Hispanic Asian,6,8,16,28,29,30,4,71,0,0,0,0,0,45,10,17,3,45
2692,Non-Hispanic Asian,5,6,14,37,38,19,1,91,0,0,0,0,0,40,7,9,8,37
2693,Non-Hispanic Asian,5,3,14,21,30,25,1,79,0,0,0,0,0,40,6,11,6,37
2694,Non-Hispanic Asian,4,5,14,22,31,19,1,64,1,1,0,0,0,48,9,12,7,35
2695,Non-Hispanic Asian,8,5,15,31,31,26,5,76,0,0,0,0,0,56,6,16,7,31
2706,Non-Hispanic Black,10,13,32,83,27,76,19,213,1,6,0,0,0,238,28,39,9,94
2707,Non-Hispanic Black,10,16,30,75,35,69,15,240,1,2,0,0,0,207,18,26,11,77
2708,Non-Hispanic Black,8,18,34,75,29,69,12,205,1,5,0,0,0,234,15,29,12,111
2709,Non-Hispanic Black,18,10,27,85,35,45,17,200,1,1,0,0,0,226,20,26,11,96
2710,Non-Hispanic Black,15,14,27,88,28,52,9,216,0,2,0,0,0,269,18,31,10,79
2711,Non-Hispanic Black,14,20,24,91,33,43,10,193,2,2,0,0,0,194,19,30,6,98
2712,Non-Hispanic Black,19,18,35,88,29,54,16,192,1,1,0,0,0,243,20,28,9,71
2713,Non-Hispanic Black,16,17,25,92,46,57,8,209,0,4,0,0,0,269,17,22,11,110
2714,Non-Hispanic Black,14,11,31,75,33,48,4,193,3,1,0,0,0,228,15,27,10,97
2715,Non-Hispanic Black,8,10,38,101,32,66,17,192,0,3,0,0,0,237,27,20,11,92
2716,Non-Hispanic Black,6,14,33,81,33,62,6,195,1,1,0,0,0,225,21,23,7,83
2717,Non-Hispanic Black,22,25,26,84,36,75,12,221,2,1,0,0,0,266,18,33,9,95
2728,Non-Hispanic More than one race,0,0,1,6,2,2,0,13,1,0,0,0,0,7,2,2,0,2
2729,Non-Hispanic More than one race,0,0,1,1,1,2,0,5,0,1,0,0,0,3,1,0,0,5
2730,Non-Hispanic More than one race,1,2,0,2,3,6,0,5,0,0,0,0,0,4,1,0,0,4
2731,Non-Hispanic More than one race,0,1,2,2,1,2,0,8,0,0,0,0,0,4,2,0,0,1
2732,Non-Hispanic More than one race,0,2,0,2,2,2,2,8,0,0,0,0,0,4,1,1,0,4
2733,Non-Hispanic More than one race,0,0,0,0,4,1,0,5,0,0,0,0,0,5,1,3,2,6
2734,Non-Hispanic More than one race,0,1,2,4,1,2,0,7,0,0,0,0,0,4,0,2,2,4
2735,Non-Hispanic More than one race,2,1,1,2,2,1,0,8,0,0,0,0,0,6,1,2,0,6
2736,Non-Hispanic More than one race,0,0,2,3,1,4,0,5,1,0,0,0,0,5,0,1,0,5
2737,Non-Hispanic More than one race,2,0,2,2,4,0,1,12,1,0,0,0,0,5,0,1,0,3
2738,Non-Hispanic More than one race,0,0,0,3,1,1,0,7,1,0,0,0,0,8,2,2,1,4
2739,Non-Hispanic More than one race,0,2,0,0,4,4,0,11,0,0,0,0,0,8,1,3,0,7
2750,Non-Hispanic Native Hawaiian or Other Pacific Islander,0,1,3,0,0,1,0,1,0,0,0,0,0,0,0,1,0,0
2751,Non-Hispanic Native Hawaiian or Other Pacific Islander,0,0,1,0,1,2,0,3,0,0,0,0,0,1,0,0,0,1
2752,Non-Hispanic Native Hawaiian or Other Pacific Islander,0,0,1,0,0,0,0,2,0,0,0,0,0,0,0,0,1,1
2753,Non-Hispanic Native Hawaiian or Other Pacific Islander,0,0,0,1,1,1,0,0,0,0,0,0,0,1,0,2,0,1
2754,Non-Hispanic Native Hawaiian or Other Pacific Islander,0,0,0,0,2,2,0,4,0,0,0,0,0,3,0,0,1,1
2755,Non-Hispanic Native Hawaiian or Other Pacific Islander,0,0,1,0,1,0,0,0,0,0,0,0,0,2,1,0,1,0
2756,Non-Hispanic Native Hawaiian or Other Pacific Islander,0,0,0,0,0,0,0,4,0,0,0,0,0,2,0,0,0,0
2757,Non-Hispanic Native Hawaiian or Other Pacific Islander,0,0,0,0,0,0,0,3,0,0,0,0,0,2,0,0,0,1
2758,Non-Hispanic Native Hawaiian or Other Pacific Islander,0,0,0,2,2,0,0,1,0,0,0,0,0,2,0,0,0,1
2759,Non-Hispanic Native Hawaiian or Other Pacific Islander,0,0,0,1,0,2,0,3,0,0,0,0,0,2,0,0,0,3
2760,Non-Hispanic Native Hawaiian or Other Pacific Islander,0,0,2,0,0,1,0,5,0,0,0,0,0,1,0,0,0,1
2761,Non-Hispanic Native Hawaiian or Other Pacific Islander,0,0,3,1,1,0,0,1,0,0,0,0,0,1,1,2,0,1
2772,Non-Hispanic White,163,317,135,743,339,632,70,2272,182,12,0,0,0,1398,268,600,192,1263
2773,Non-Hispanic White,147,289,134,634,336,546,58,2046,149,14,0,0,0,1297,268,546,194,1261
2774,Non-Hispanic White,155,329,120,726,333,635,70,2203,194,11,0,0,0,1455,270,590,199,1255
2775,Non-Hispanic White,147,274,147,648,331,574,66,1939,174,23,0,0,0,1299,228,577,156,1128
2776,Non-Hispanic White,133,288,139,664,322,672,50,1980,178,12,0,0,0,1293,261,551,162,1178
2777,Non-Hispanic White,129,265,125,658,314,640,54,1984,203,16,0,0,0,1310,256,550,166,1124
2778,Non-Hispanic White,168,293,162,671,350,601,65,1999,207,18,0,0,0,1394,282,544,166,1221
2779,Non-Hispanic White,158,300,116,757,347,640,58,1976,206,10,0,0,0,1400,269,595,197,1205
2780,Non-Hispanic White,178,281,128,714,326,619,56,2003,183,13,0,0,0,1369,284,576,185,1184
2781,Non-Hispanic White,174,290,132,688,333,629,79,2161,167,14,0,0,0,1400,261,544,174,1253
2782,Non-Hispanic White,164,311,144,762,337,677,60,1985,180,13,0,0,0,1367,242,551,163,1232
2783,Non-Hispanic White,156,312,113,693,340,613,67,2105,188,17,0,0,0,1482,313,580,191,1249
