Notes,State,State Code,Year,Year Code,Cause of death,Cause of death Code,Ten-Year Age Groups,Ten-Year Age Groups Code,Deaths,Population,Crude Rate
,Alabama,1,2019,2019,"Colon, unspecified - Malignant neoplasms",C18.9,35-44 years,35-44,19,593306,Unreliable
,Alabama,1,2019,2019,"Bronchus or lung, unspecified - Malignant neoplasms",C34.9,35-44 years,35-44,16,593306,Unreliable
,Alabama,1,2019,2019,"Breast, unspecified - Malignant neoplasms",C50.9,35-44 years,35-44,22,593306,3.7
,Alabama,1,2020,2020,"Colon, unspecified - Malignant neoplasms",C18.9,35-44 years,35-44,16,596362,Unreliable
,Alabama,1,2020,2020,"Pancreas, unspecified - Malignant neoplasms",C25.9,35-44 years,35-44,10,596362,Unreliable
,Alabama,1,2020,2020,"Bronchus or lung, unspecified - Malignant neoplasms",C34.9,35-44 years,35-44,11,596362,Unreliable
,Alabama,1,2020,2020,"Malignant melanoma of skin, unspecified - Malignant neoplasms",C43.9,35-44 years,35-44,12,596362,Unreliable
,Alabama,1,2020,2020,"Breast, unspecified - Malignant neoplasms",C50.9,35-44 years,35-44,26,596362,4.4
,Alabama,1,2020,2020,"Cervix uteri, unspecified - Malignant neoplasms",C53.9,35-44 years,35-44,14,596362,Unreliable
,Alabama,1,2020,2020,"Brain, unspecified - Malignant neoplasms",C71.9,35-44 years,35-44,12,596362,Unreliable
,Alabama,1,2020,2020,Malignant neoplasm without specification of site,C80,35-44 years,35-44,13,596362,Unreliable
,Arizona,4,2019,2019,"Stomach, unspecified - Malignant neoplasms",C16.9,35-44 years,35-44,12,896027,Unreliable
,Arizona,4,2019,2019,"Colon, unspecified - Malignant neoplasms",C18.9,25-34 years,25-34,10,1007093,Unreliable
,Arizona,4,2019,2019,"Colon, unspecified - Malignant neoplasms",C18.9,35-44 years,35-44,23,896027,2.6
,Arizona,4,2019,2019,"Pancreas, unspecified - Malignant neoplasms",C25.9,35-44 years,35-44,13,896027,Unreliable
,Arizona,4,2019,2019,"Breast, unspecified - Malignant neoplasms",C50.9,25-34 years,25-34,12,1007093,Unreliable
,Arizona,4,2019,2019,"Breast, unspecified - Malignant neoplasms",C50.9,35-44 years,35-44,28,896027,3.1
,Arizona,4,2019,2019,"Cervix uteri, unspecified - Malignant neoplasms",C53.9,35-44 years,35-44,11,896027,Unreliable
,Arizona,4,2019,2019,"Brain, unspecified - Malignant neoplasms",C71.9,35-44 years,35-44,12,896027,Unreliable
,Arizona,4,2019,2019,Malignant neoplasm without specification of site,C80,35-44 years,35-44,10,896027,Unreliable
,Arizona,4,2020,2020,"Colon, unspecified - Malignant neoplasms",C18.9,35-44 years,35-44,20,913916,2.2
,Arizona,4,2020,2020,"Bronchus or lung, unspecified - Malignant neoplasms",C34.9,35-44 years,35-44,13,913916,Unreliable
,Arizona,4,2020,2020,"Breast, unspecified - Malignant neoplasms",C50.9,25-34 years,25-34,12,1030830,Unreliable
,Arizona,4,2020,2020,"Breast, unspecified - Malignant neoplasms",C50.9,35-44 years,35-44,33,913916,3.6
,Arizona,4,2020,2020,Malignant neoplasm of ovary,C56,35-44 years,35-44,13,913916,Unreliable
,Arizona,4,2020,2020,"Brain, unspecified - Malignant neoplasms",C71.9,25-34 years,25-34,10,1030830,Unreliable
,Arizona,4,2020,2020,"Brain, unspecified - Malignant neoplasms",C71.9,35-44 years,35-44,20,913916,2.2
,Arkansas,5,2019,2019,"Bronchus or lung, unspecified - Malignant neoplasms",C34.9,35-44 years,35-44,13,370263,Unreliable
,Arkansas,5,2019,2019,"Breast, unspecified - Malignant neoplasms",C50.9,35-44 years,35-44,15,370263,Unreliable
,Arkansas,5,2020,2020,"Colon, unspecified - Malignant neoplasms",C18.9,35-44 years,35-44,10,372730,Unreliable
,Arkansas,5,2020,2020,"Bronchus or lung, unspecified - Malignant neoplasms",C34.9,35-44 years,35-44,14,372730,Unreliable
,Arkansas,5,2020,2020,"Breast, unspecified - Malignant neoplasms",C50.9,35-44 years,35-44,20,372730,5.4
,California,6,2019,2019,"Oesophagus, unspecified - Malignant neoplasms",C15.9,35-44 years,35-44,19,5282100,Unreliable
,California,6,2019,2019,"Stomach, unspecified - Malignant neoplasms",C16.9,25-34 years,25-34,18,6052952,Unreliable
,California,6,2019,2019,"Stomach, unspecified - Malignant neoplasms",C16.9,35-44 years,35-44,83,5282100,1.6
,California,6,2019,2019,"Colon, unspecified - Malignant neoplasms",C18.9,25-34 years,25-34,33,6052952,0.5
,California,6,2019,2019,"Colon, unspecified - Malignant neoplasms",C18.9,35-44 years,35-44,115,5282100,2.2
,California,6,2019,2019,Malignant neoplasm of rectosigmoid junction,C19,35-44 years,35-44,11,5282100,Unreliable
,California,6,2019,2019,Malignant neoplasm of rectum,C20,35-44 years,35-44,44,5282100,0.8
,California,6,2019,2019,Liver cell carcinoma - Malignant neoplasms,C22.0,35-44 years,35-44,12,5282100,Unreliable
,California,6,2019,2019,Intrahepatic bile duct carcinoma - Malignant neoplasms,C22.1,35-44 years,35-44,20,5282100,0.4
,California,6,2019,2019,"Liver, unspecified - Malignant neoplasms",C22.9,35-44 years,35-44,12,5282100,Unreliable
,California,6,2019,2019,"Pancreas, unspecified - Malignant neoplasms",C25.9,35-44 years,35-44,55,5282100,1
,California,6,2019,2019,"Bronchus or lung, unspecified - Malignant neoplasms",C34.9,35-44 years,35-44,60,5282100,1.1
,California,6,2019,2019,"Bone and articular cartilage, unspecified - Malignant neoplasms",C41.9,15-24 years,15-24,24,5180973,0.5
,California,6,2019,2019,"Bone and articular cartilage, unspecified - Malignant neoplasms",C41.9,25-34 years,25-34,16,6052952,Unreliable
,California,6,2019,2019,"Malignant melanoma of skin, unspecified - Malignant neoplasms",C43.9,35-44 years,35-44,21,5282100,0.4
,California,6,2019,2019,"Connective and soft tissue, unspecified - Malignant neoplasms",C49.9,15-24 years,15-24,13,5180973,Unreliable
,California,6,2019,2019,"Connective and soft tissue, unspecified - Malignant neoplasms",C49.9,25-34 years,25-34,19,6052952,Unreliable
,California,6,2019,2019,"Connective and soft tissue, unspecified - Malignant neoplasms",C49.9,35-44 years,35-44,20,5282100,0.4
,California,6,2019,2019,"Breast, unspecified - Malignant neoplasms",C50.9,25-34 years,25-34,51,6052952,0.8
,California,6,2019,2019,"Breast, unspecified - Malignant neoplasms",C50.9,35-44 years,35-44,203,5282100,3.8
,California,6,2019,2019,"Cervix uteri, unspecified - Malignant neoplasms",C53.9,25-34 years,25-34,26,6052952,0.4
,California,6,2019,2019,"Cervix uteri, unspecified - Malignant neoplasms",C53.9,35-44 years,35-44,49,5282100,0.9
,California,6,2019,2019,Endometrium - Malignant neoplasms,C54.1,35-44 years,35-44,10,5282100,Unreliable
,California,6,2019,2019,"Malignant neoplasm of uterus, part unspecified",C55,35-44 years,35-44,16,5282100,Unreliable
,California,6,2019,2019,Malignant neoplasm of ovary,C56,25-34 years,25-34,15,6052952,Unreliable
,California,6,2019,2019,Malignant neoplasm of ovary,C56,35-44 years,35-44,50,5282100,0.9
,California,6,2019,2019,"Testis, unspecified - Malignant neoplasms",C62.9,15-24 years,15-24,10,5180973,Unreliable
,California,6,2019,2019,"Testis, unspecified - Malignant neoplasms",C62.9,25-34 years,25-34,21,6052952,0.3
,California,6,2019,2019,"Malignant neoplasm of kidney, except renal pelvis",C64,25-34 years,25-34,13,6052952,Unreliable
,California,6,2019,2019,"Malignant neoplasm of kidney, except renal pelvis",C64,35-44 years,35-44,27,5282100,0.5
,California,6,2019,2019,"Bladder, unspecified - Malignant neoplasms",C67.9,35-44 years,35-44,11,5282100,Unreliable
,California,6,2019,2019,"Brain, unspecified - Malignant neoplasms",C71.9,5-14 years,14-May,25,5007987,0.5
,California,6,2019,2019,"Brain, unspecified - Malignant neoplasms",C71.9,15-24 years,15-24,29,5180973,0.6
,California,6,2019,2019,"Brain, unspecified - Malignant neoplasms",C71.9,25-34 years,25-34,55,6052952,0.9
,California,6,2019,2019,"Brain, unspecified - Malignant neoplasms",C71.9,35-44 years,35-44,74,5282100,1.4
,California,6,2019,2019,Secondary malignant neoplasm of other specified sites - Malignant neoplasms,C79.8,35-44 years,35-44,10,5282100,Unreliable
,California,6,2019,2019,Malignant neoplasm without specification of site,C80,25-34 years,25-34,20,6052952,0.3
,California,6,2019,2019,Malignant neoplasm without specification of site,C80,35-44 years,35-44,51,5282100,1
,California,6,2019,2019,"Hodgkin disease, unspecified",C81.9,35-44 years,35-44,10,5282100,Unreliable
,California,6,2019,2019,Non-Hodgkin lymphoma large cell (diffuse),C83.3,35-44 years,35-44,15,5282100,Unreliable
,California,6,2019,2019,"Non-Hodgkin lymphoma, unspecified type",C85.9,35-44 years,35-44,18,5282100,Unreliable
,California,6,2019,2019,Acute lymphoblastic leukaemia - Malignant neoplasms,C91.0,5-14 years,14-May,18,5007987,Unreliable
,California,6,2019,2019,Acute lymphoblastic leukaemia - Malignant neoplasms,C91.0,15-24 years,15-24,23,5180973,0.4
,California,6,2019,2019,Acute lymphoblastic leukaemia - Malignant neoplasms,C91.0,25-34 years,25-34,25,6052952,0.4
,California,6,2019,2019,Acute lymphoblastic leukaemia - Malignant neoplasms,C91.0,35-44 years,35-44,23,5282100,0.4
,California,6,2019,2019,Acute myeloid leukaemia - Malignant neoplasms,C92.0,15-24 years,15-24,15,5180973,Unreliable
,California,6,2019,2019,Acute myeloid leukaemia - Malignant neoplasms,C92.0,25-34 years,25-34,16,6052952,Unreliable
,California,6,2019,2019,Acute myeloid leukaemia - Malignant neoplasms,C92.0,35-44 years,35-44,32,5282100,0.6
,California,6,2020,2020,"Oesophagus, unspecified - Malignant neoplasms",C15.9,35-44 years,35-44,17,5305749,Unreliable
,California,6,2020,2020,"Stomach, unspecified - Malignant neoplasms",C16.9,25-34 years,25-34,26,6017057,0.4
,California,6,2020,2020,"Stomach, unspecified - Malignant neoplasms",C16.9,35-44 years,35-44,96,5305749,1.8
,California,6,2020,2020,"Colon, unspecified - Malignant neoplasms",C18.9,25-34 years,25-34,33,6017057,0.5
,California,6,2020,2020,"Colon, unspecified - Malignant neoplasms",C18.9,35-44 years,35-44,127,5305749,2.4
,California,6,2020,2020,Malignant neoplasm of rectosigmoid junction,C19,35-44 years,35-44,18,5305749,Unreliable
,California,6,2020,2020,Malignant neoplasm of rectum,C20,25-34 years,25-34,10,6017057,Unreliable
,California,6,2020,2020,Malignant neoplasm of rectum,C20,35-44 years,35-44,35,5305749,0.7
,California,6,2020,2020,Liver cell carcinoma - Malignant neoplasms,C22.0,35-44 years,35-44,14,5305749,Unreliable
,California,6,2020,2020,Intrahepatic bile duct carcinoma - Malignant neoplasms,C22.1,35-44 years,35-44,16,5305749,Unreliable
,California,6,2020,2020,"Pancreas, unspecified - Malignant neoplasms",C25.9,35-44 years,35-44,45,5305749,0.8
,California,6,2020,2020,"Bronchus or lung, unspecified - Malignant neoplasms",C34.9,25-34 years,25-34,15,6017057,Unreliable
,California,6,2020,2020,"Bronchus or lung, unspecified - Malignant neoplasms",C34.9,35-44 years,35-44,69,5305749,1.3
,California,6,2020,2020,"Bone and articular cartilage, unspecified - Malignant neoplasms",C41.9,15-24 years,15-24,19,5111453,Unreliable
,California,6,2020,2020,"Bone and articular cartilage, unspecified - Malignant neoplasms",C41.9,25-34 years,25-34,14,6017057,Unreliable
,California,6,2020,2020,"Bone and articular cartilage, unspecified - Malignant neoplasms",C41.9,35-44 years,35-44,10,5305749,Unreliable
,California,6,2020,2020,"Malignant melanoma of skin, unspecified - Malignant neoplasms",C43.9,35-44 years,35-44,16,5305749,Unreliable
,California,6,2020,2020,"Connective and soft tissue, unspecified - Malignant neoplasms",C49.9,25-34 years,25-34,16,6017057,Unreliable
,California,6,2020,2020,"Connective and soft tissue, unspecified - Malignant neoplasms",C49.9,35-44 years,35-44,24,5305749,0.5
,California,6,2020,2020,"Breast, unspecified - Malignant neoplasms",C50.9,25-34 years,25-34,46,6017057,0.8
,California,6,2020,2020,"Breast, unspecified - Malignant neoplasms",C50.9,35-44 years,35-44,202,5305749,3.8
,California,6,2020,2020,"Cervix uteri, unspecified - Malignant neoplasms",C53.9,25-34 years,25-34,26,6017057,0.4
,California,6,2020,2020,"Cervix uteri, unspecified - Malignant neoplasms",C53.9,35-44 years,35-44,68,5305749,1.3
,California,6,2020,2020,Endometrium - Malignant neoplasms,C54.1,35-44 years,35-44,23,5305749,0.4
,California,6,2020,2020,Malignant neoplasm of ovary,C56,25-34 years,25-34,15,6017057,Unreliable
,California,6,2020,2020,Malignant neoplasm of ovary,C56,35-44 years,35-44,44,5305749,0.8
,California,6,2020,2020,"Testis, unspecified - Malignant neoplasms",C62.9,15-24 years,15-24,12,5111453,Unreliable
,California,6,2020,2020,"Testis, unspecified - Malignant neoplasms",C62.9,25-34 years,25-34,20,6017057,0.3
,California,6,2020,2020,"Testis, unspecified - Malignant neoplasms",C62.9,35-44 years,35-44,11,5305749,Unreliable
,California,6,2020,2020,"Malignant neoplasm of kidney, except renal pelvis",C64,25-34 years,25-34,10,6017057,Unreliable
,California,6,2020,2020,"Malignant neoplasm of kidney, except renal pelvis",C64,35-44 years,35-44,32,5305749,0.6
,California,6,2020,2020,"Bladder, unspecified - Malignant neoplasms",C67.9,35-44 years,35-44,10,5305749,Unreliable
,California,6,2020,2020,Brain stem - Malignant neoplasms,C71.7,5-14 years,14-May,11,4973904,Unreliable
,California,6,2020,2020,"Brain, unspecified - Malignant neoplasms",C71.9,1-4 years,4-Jan,11,1863516,Unreliable
,California,6,2020,2020,"Brain, unspecified - Malignant neoplasms",C71.9,5-14 years,14-May,31,4973904,0.6
,California,6,2020,2020,"Brain, unspecified - Malignant neoplasms",C71.9,15-24 years,15-24,22,5111453,0.4
,California,6,2020,2020,"Brain, unspecified - Malignant neoplasms",C71.9,25-34 years,25-34,42,6017057,0.7
,California,6,2020,2020,"Brain, unspecified - Malignant neoplasms",C71.9,35-44 years,35-44,81,5305749,1.5
,California,6,2020,2020,Malignant neoplasm without specification of site,C80,25-34 years,25-34,25,6017057,0.4
,California,6,2020,2020,Malignant neoplasm without specification of site,C80,35-44 years,35-44,59,5305749,1.1
,California,6,2020,2020,"Hodgkin disease, unspecified",C81.9,25-34 years,25-34,11,6017057,Unreliable
,California,6,2020,2020,Non-Hodgkin lymphoma large cell (diffuse),C83.3,35-44 years,35-44,11,5305749,Unreliable
,California,6,2020,2020,"Non-Hodgkin lymphoma, unspecified type",C85.9,35-44 years,35-44,11,5305749,Unreliable
,California,6,2020,2020,Acute lymphoblastic leukaemia - Malignant neoplasms,C91.0,5-14 years,14-May,18,4973904,Unreliable
,California,6,2020,2020,Acute lymphoblastic leukaemia - Malignant neoplasms,C91.0,15-24 years,15-24,19,5111453,Unreliable
,California,6,2020,2020,Acute lymphoblastic leukaemia - Malignant neoplasms,C91.0,25-34 years,25-34,17,6017057,Unreliable
,California,6,2020,2020,Acute lymphoblastic leukaemia - Malignant neoplasms,C91.0,35-44 years,35-44,21,5305749,0.4
,California,6,2020,2020,Acute myeloid leukaemia - Malignant neoplasms,C92.0,5-14 years,14-May,10,4973904,Unreliable
,California,6,2020,2020,Acute myeloid leukaemia - Malignant neoplasms,C92.0,25-34 years,25-34,21,6017057,0.3
,California,6,2020,2020,Acute myeloid leukaemia - Malignant neoplasms,C92.0,35-44 years,35-44,32,5305749,0.6
,Colorado,8,2019,2019,"Colon, unspecified - Malignant neoplasms",C18.9,35-44 years,35-44,19,798071,Unreliable
,Colorado,8,2019,2019,"Breast, unspecified - Malignant neoplasms",C50.9,35-44 years,35-44,27,798071,3.4
,Colorado,8,2019,2019,"Brain, unspecified - Malignant neoplasms",C71.9,35-44 years,35-44,11,798071,Unreliable
,Colorado,8,2019,2019,Malignant neoplasm without specification of site,C80,35-44 years,35-44,14,798071,Unreliable
,Colorado,8,2020,2020,"Colon, unspecified - Malignant neoplasms",C18.9,35-44 years,35-44,17,816118,Unreliable
,Colorado,8,2020,2020,"Bronchus or lung, unspecified - Malignant neoplasms",C34.9,35-44 years,35-44,13,816118,Unreliable
,Colorado,8,2020,2020,"Breast, unspecified - Malignant neoplasms",C50.9,35-44 years,35-44,26,816118,3.2
,Colorado,8,2020,2020,"Brain, unspecified - Malignant neoplasms",C71.9,35-44 years,35-44,15,816118,Unreliable
,Connecticut,9,2019,2019,"Breast, unspecified - Malignant neoplasms",C50.9,35-44 years,35-44,16,427141,Unreliable
,Connecticut,9,2020,2020,"Breast, unspecified - Malignant neoplasms",C50.9,35-44 years,35-44,15,431882,Unreliable
,Florida,12,2019,2019,"Oesophagus, unspecified - Malignant neoplasms",C15.9,35-44 years,35-44,11,2600531,Unreliable
,Florida,12,2019,2019,"Stomach, unspecified - Malignant neoplasms",C16.9,35-44 years,35-44,16,2600531,Unreliable
,Florida,12,2019,2019,"Colon, unspecified - Malignant neoplasms",C18.9,25-34 years,25-34,10,2799422,Unreliable
,Florida,12,2019,2019,"Colon, unspecified - Malignant neoplasms",C18.9,35-44 years,35-44,66,2600531,2.5
,Florida,12,2019,2019,Malignant neoplasm of rectum,C20,35-44 years,35-44,24,2600531,0.9
,Florida,12,2019,2019,"Pancreas, unspecified - Malignant neoplasms",C25.9,35-44 years,35-44,25,2600531,1
,Florida,12,2019,2019,"Bronchus or lung, unspecified - Malignant neoplasms",C34.9,25-34 years,25-34,13,2799422,Unreliable
,Florida,12,2019,2019,"Bronchus or lung, unspecified - Malignant neoplasms",C34.9,35-44 years,35-44,43,2600531,1.7
,Florida,12,2019,2019,"Bone and articular cartilage, unspecified - Malignant neoplasms",C41.9,15-24 years,15-24,14,2460558,Unreliable
,Florida,12,2019,2019,"Malignant melanoma of skin, unspecified - Malignant neoplasms",C43.9,35-44 years,35-44,23,2600531,0.9
,Florida,12,2019,2019,"Connective and soft tissue, unspecified - Malignant neoplasms",C49.9,25-34 years,25-34,11,2799422,Unreliable
,Florida,12,2019,2019,"Breast, unspecified - Malignant neoplasms",C50.9,25-34 years,25-34,48,2799422,1.7
,Florida,12,2019,2019,"Breast, unspecified - Malignant neoplasms",C50.9,35-44 years,35-44,142,2600531,5.5
,Florida,12,2019,2019,"Cervix uteri, unspecified - Malignant neoplasms",C53.9,25-34 years,25-34,15,2799422,Unreliable
,Florida,12,2019,2019,"Cervix uteri, unspecified - Malignant neoplasms",C53.9,35-44 years,35-44,43,2600531,1.7
,Florida,12,2019,2019,Malignant neoplasm of ovary,C56,35-44 years,35-44,19,2600531,Unreliable
,Florida,12,2019,2019,"Testis, unspecified - Malignant neoplasms",C62.9,25-34 years,25-34,11,2799422,Unreliable
,Florida,12,2019,2019,"Malignant neoplasm of kidney, except renal pelvis",C64,35-44 years,35-44,14,2600531,Unreliable
,Florida,12,2019,2019,"Brain, unspecified - Malignant neoplasms",C71.9,5-14 years,14-May,11,2372397,Unreliable
,Florida,12,2019,2019,"Brain, unspecified - Malignant neoplasms",C71.9,15-24 years,15-24,12,2460558,Unreliable
,Florida,12,2019,2019,"Brain, unspecified - Malignant neoplasms",C71.9,25-34 years,25-34,24,2799422,0.9
,Florida,12,2019,2019,"Brain, unspecified - Malignant neoplasms",C71.9,35-44 years,35-44,36,2600531,1.4
,Florida,12,2019,2019,Malignant neoplasm without specification of site,C80,25-34 years,25-34,10,2799422,Unreliable
,Florida,12,2019,2019,Malignant neoplasm without specification of site,C80,35-44 years,35-44,39,2600531,1.5
,Florida,12,2019,2019,Acute myeloid leukaemia - Malignant neoplasms,C92.0,25-34 years,25-34,13,2799422,Unreliable
,Florida,12,2019,2019,Acute myeloid leukaemia - Malignant neoplasms,C92.0,35-44 years,35-44,19,2600531,Unreliable
,Florida,12,2020,2020,"Stomach, unspecified - Malignant neoplasms",C16.9,35-44 years,35-44,28,2649160,1.1
,Florida,12,2020,2020,"Colon, unspecified - Malignant neoplasms",C18.9,25-34 years,25-34,20,2818471,0.7
,Florida,12,2020,2020,"Colon, unspecified - Malignant neoplasms",C18.9,35-44 years,35-44,67,2649160,2.5
,Florida,12,2020,2020,Malignant neoplasm of rectum,C20,35-44 years,35-44,11,2649160,Unreliable
,Florida,12,2020,2020,Intrahepatic bile duct carcinoma - Malignant neoplasms,C22.1,35-44 years,35-44,10,2649160,Unreliable
,Florida,12,2020,2020,"Pancreas, unspecified - Malignant neoplasms",C25.9,35-44 years,35-44,29,2649160,1.1
,Florida,12,2020,2020,"Bronchus or lung, unspecified - Malignant neoplasms",C34.9,35-44 years,35-44,61,2649160,2.3
,Florida,12,2020,2020,"Malignant melanoma of skin, unspecified - Malignant neoplasms",C43.9,35-44 years,35-44,12,2649160,Unreliable
,Florida,12,2020,2020,"Connective and soft tissue, unspecified - Malignant neoplasms",C49.9,15-24 years,15-24,11,2466792,Unreliable
,Florida,12,2020,2020,"Connective and soft tissue, unspecified - Malignant neoplasms",C49.9,25-34 years,25-34,11,2818471,Unreliable
,Florida,12,2020,2020,"Connective and soft tissue, unspecified - Malignant neoplasms",C49.9,35-44 years,35-44,13,2649160,Unreliable
,Florida,12,2020,2020,"Breast, unspecified - Malignant neoplasms",C50.9,25-34 years,25-34,29,2818471,1
,Florida,12,2020,2020,"Breast, unspecified - Malignant neoplasms",C50.9,35-44 years,35-44,113,2649160,4.3
,Florida,12,2020,2020,"Cervix uteri, unspecified - Malignant neoplasms",C53.9,25-34 years,25-34,13,2818471,Unreliable
,Florida,12,2020,2020,"Cervix uteri, unspecified - Malignant neoplasms",C53.9,35-44 years,35-44,49,2649160,1.8
,Florida,12,2020,2020,Malignant neoplasm of ovary,C56,35-44 years,35-44,12,2649160,Unreliable
,Florida,12,2020,2020,"Testis, unspecified - Malignant neoplasms",C62.9,25-34 years,25-34,11,2818471,Unreliable
,Florida,12,2020,2020,"Malignant neoplasm of kidney, except renal pelvis",C64,35-44 years,35-44,11,2649160,Unreliable
,Florida,12,2020,2020,"Brain, unspecified - Malignant neoplasms",C71.9,5-14 years,14-May,16,2390568,Unreliable
,Florida,12,2020,2020,"Brain, unspecified - Malignant neoplasms",C71.9,15-24 years,15-24,10,2466792,Unreliable
,Florida,12,2020,2020,"Brain, unspecified - Malignant neoplasms",C71.9,25-34 years,25-34,19,2818471,Unreliable
,Florida,12,2020,2020,"Brain, unspecified - Malignant neoplasms",C71.9,35-44 years,35-44,42,2649160,1.6
,Florida,12,2020,2020,Malignant neoplasm without specification of site,C80,25-34 years,25-34,11,2818471,Unreliable
,Florida,12,2020,2020,Malignant neoplasm without specification of site,C80,35-44 years,35-44,29,2649160,1.1
,Florida,12,2020,2020,Acute lymphoblastic leukaemia - Malignant neoplasms,C91.0,15-24 years,15-24,11,2466792,Unreliable
,Florida,12,2020,2020,Acute lymphoblastic leukaemia - Malignant neoplasms,C91.0,35-44 years,35-44,13,2649160,Unreliable
,Florida,12,2020,2020,Acute myeloid leukaemia - Malignant neoplasms,C92.0,25-34 years,25-34,11,2818471,Unreliable
,Florida,12,2020,2020,Acute myeloid leukaemia - Malignant neoplasms,C92.0,35-44 years,35-44,24,2649160,0.9
,Georgia,13,2019,2019,"Stomach, unspecified - Malignant neoplasms",C16.9,35-44 years,35-44,10,1380954,Unreliable
,Georgia,13,2019,2019,"Colon, unspecified - Malignant neoplasms",C18.9,35-44 years,35-44,30,1380954,2.2
,Georgia,13,2019,2019,"Pancreas, unspecified - Malignant neoplasms",C25.9,35-44 years,35-44,24,1380954,1.7
,Georgia,13,2019,2019,"Bronchus or lung, unspecified - Malignant neoplasms",C34.9,35-44 years,35-44,23,1380954,1.7
,Georgia,13,2019,2019,"Breast, unspecified - Malignant neoplasms",C50.9,25-34 years,25-34,13,1493261,Unreliable
,Georgia,13,2019,2019,"Breast, unspecified - Malignant neoplasms",C50.9,35-44 years,35-44,70,1380954,5.1
,Georgia,13,2019,2019,"Cervix uteri, unspecified - Malignant neoplasms",C53.9,35-44 years,35-44,30,1380954,2.2
,Georgia,13,2019,2019,Malignant neoplasm of ovary,C56,35-44 years,35-44,10,1380954,Unreliable
,Georgia,13,2019,2019,"Malignant neoplasm of kidney, except renal pelvis",C64,35-44 years,35-44,15,1380954,Unreliable
,Georgia,13,2019,2019,"Brain, unspecified - Malignant neoplasms",C71.9,25-34 years,25-34,15,1493261,Unreliable
,Georgia,13,2019,2019,"Brain, unspecified - Malignant neoplasms",C71.9,35-44 years,35-44,15,1380954,Unreliable
,Georgia,13,2019,2019,Malignant neoplasm without specification of site,C80,35-44 years,35-44,25,1380954,1.8
,Georgia,13,2020,2020,"Stomach, unspecified - Malignant neoplasms",C16.9,35-44 years,35-44,11,1394847,Unreliable
,Georgia,13,2020,2020,"Colon, unspecified - Malignant neoplasms",C18.9,35-44 years,35-44,36,1394847,2.6
,Georgia,13,2020,2020,"Bronchus or lung, unspecified - Malignant neoplasms",C34.9,35-44 years,35-44,26,1394847,1.9
,Georgia,13,2020,2020,"Breast, unspecified - Malignant neoplasms",C50.9,25-34 years,25-34,13,1506359,Unreliable
,Georgia,13,2020,2020,"Breast, unspecified - Malignant neoplasms",C50.9,35-44 years,35-44,61,1394847,4.4
,Georgia,13,2020,2020,"Cervix uteri, unspecified - Malignant neoplasms",C53.9,35-44 years,35-44,20,1394847,1.4
,Georgia,13,2020,2020,Malignant neoplasm of ovary,C56,35-44 years,35-44,12,1394847,Unreliable
,Georgia,13,2020,2020,"Brain, unspecified - Malignant neoplasms",C71.9,25-34 years,25-34,14,1506359,Unreliable
,Georgia,13,2020,2020,"Brain, unspecified - Malignant neoplasms",C71.9,35-44 years,35-44,24,1394847,1.7
,Georgia,13,2020,2020,Malignant neoplasm without specification of site,C80,35-44 years,35-44,23,1394847,1.6
,Hawaii,15,2019,2019,"Breast, unspecified - Malignant neoplasms",C50.9,35-44 years,35-44,10,181803,Unreliable
,Idaho,16,2019,2019,"Breast, unspecified - Malignant neoplasms",C50.9,35-44 years,35-44,11,227172,Unreliable
,Illinois,17,2019,2019,"Oesophagus, unspecified - Malignant neoplasms",C15.9,35-44 years,35-44,10,1637135,Unreliable
,Illinois,17,2019,2019,"Stomach, unspecified - Malignant neoplasms",C16.9,35-44 years,35-44,16,1637135,Unreliable
,Illinois,17,2019,2019,"Colon, unspecified - Malignant neoplasms",C18.9,35-44 years,35-44,31,1637135,1.9
,Illinois,17,2019,2019,Intrahepatic bile duct carcinoma - Malignant neoplasms,C22.1,35-44 years,35-44,10,1637135,Unreliable
,Illinois,17,2019,2019,"Pancreas, unspecified - Malignant neoplasms",C25.9,35-44 years,35-44,15,1637135,Unreliable
,Illinois,17,2019,2019,"Bronchus or lung, unspecified - Malignant neoplasms",C34.9,35-44 years,35-44,30,1637135,1.8
,Illinois,17,2019,2019,"Connective and soft tissue, unspecified - Malignant neoplasms",C49.9,25-34 years,25-34,10,1758096,Unreliable
,Illinois,17,2019,2019,"Breast, unspecified - Malignant neoplasms",C50.9,25-34 years,25-34,18,1758096,Unreliable
,Illinois,17,2019,2019,"Breast, unspecified - Malignant neoplasms",C50.9,35-44 years,35-44,80,1637135,4.9
,Illinois,17,2019,2019,"Cervix uteri, unspecified - Malignant neoplasms",C53.9,35-44 years,35-44,17,1637135,Unreliable
,Illinois,17,2019,2019,Malignant neoplasm of ovary,C56,35-44 years,35-44,11,1637135,Unreliable
,Illinois,17,2019,2019,"Malignant neoplasm of kidney, except renal pelvis",C64,35-44 years,35-44,11,1637135,Unreliable
,Illinois,17,2019,2019,"Brain, unspecified - Malignant neoplasms",C71.9,25-34 years,25-34,14,1758096,Unreliable
,Illinois,17,2019,2019,"Brain, unspecified - Malignant neoplasms",C71.9,35-44 years,35-44,32,1637135,2
,Illinois,17,2019,2019,Malignant neoplasm without specification of site,C80,35-44 years,35-44,16,1637135,Unreliable
,Illinois,17,2020,2020,"Stomach, unspecified - Malignant neoplasms",C16.9,35-44 years,35-44,14,1636418,Unreliable
,Illinois,17,2020,2020,"Colon, unspecified - Malignant neoplasms",C18.9,35-44 years,35-44,31,1636418,1.9
,Illinois,17,2020,2020,Malignant neoplasm of rectum,C20,35-44 years,35-44,11,1636418,Unreliable
,Illinois,17,2020,2020,"Pancreas, unspecified - Malignant neoplasms",C25.9,35-44 years,35-44,17,1636418,Unreliable
,Illinois,17,2020,2020,"Bronchus or lung, unspecified - Malignant neoplasms",C34.9,35-44 years,35-44,20,1636418,1.2
,Illinois,17,2020,2020,"Malignant melanoma of skin, unspecified - Malignant neoplasms",C43.9,35-44 years,35-44,10,1636418,Unreliable
,Illinois,17,2020,2020,"Connective and soft tissue, unspecified - Malignant neoplasms",C49.9,35-44 years,35-44,16,1636418,Unreliable
,Illinois,17,2020,2020,"Breast, unspecified - Malignant neoplasms",C50.9,25-34 years,25-34,13,1741284,Unreliable
,Illinois,17,2020,2020,"Breast, unspecified - Malignant neoplasms",C50.9,35-44 years,35-44,67,1636418,4.1
,Illinois,17,2020,2020,"Cervix uteri, unspecified - Malignant neoplasms",C53.9,35-44 years,35-44,18,1636418,Unreliable
,Illinois,17,2020,2020,Malignant neoplasm of ovary,C56,35-44 years,35-44,11,1636418,Unreliable
,Illinois,17,2020,2020,"Brain, unspecified - Malignant neoplasms",C71.9,25-34 years,25-34,18,1741284,Unreliable
,Illinois,17,2020,2020,"Brain, unspecified - Malignant neoplasms",C71.9,35-44 years,35-44,25,1636418,1.5
,Illinois,17,2020,2020,Malignant neoplasm without specification of site,C80,35-44 years,35-44,25,1636418,1.5
,Illinois,17,2020,2020,Acute myeloid leukaemia - Malignant neoplasms,C92.0,35-44 years,35-44,12,1636418,Unreliable
,Indiana,18,2019,2019,"Oesophagus, unspecified - Malignant neoplasms",C15.9,35-44 years,35-44,10,828959,Unreliable
,Indiana,18,2019,2019,"Colon, unspecified - Malignant neoplasms",C18.9,35-44 years,35-44,27,828959,3.3
,Indiana,18,2019,2019,"Bronchus or lung, unspecified - Malignant neoplasms",C34.9,35-44 years,35-44,19,828959,Unreliable
,Indiana,18,2019,2019,"Breast, unspecified - Malignant neoplasms",C50.9,35-44 years,35-44,39,828959,4.7
,Indiana,18,2019,2019,"Cervix uteri, unspecified - Malignant neoplasms",C53.9,35-44 years,35-44,18,828959,Unreliable
,Indiana,18,2019,2019,"Brain, unspecified - Malignant neoplasms",C71.9,35-44 years,35-44,23,828959,2.8
,Indiana,18,2020,2020,"Colon, unspecified - Malignant neoplasms",C18.9,35-44 years,35-44,21,835433,2.5
,Indiana,18,2020,2020,"Pancreas, unspecified - Malignant neoplasms",C25.9,35-44 years,35-44,14,835433,Unreliable
,Indiana,18,2020,2020,"Bronchus or lung, unspecified - Malignant neoplasms",C34.9,35-44 years,35-44,16,835433,Unreliable
,Indiana,18,2020,2020,"Malignant melanoma of skin, unspecified - Malignant neoplasms",C43.9,35-44 years,35-44,12,835433,Unreliable
,Indiana,18,2020,2020,"Breast, unspecified - Malignant neoplasms",C50.9,35-44 years,35-44,33,835433,4
,Indiana,18,2020,2020,"Cervix uteri, unspecified - Malignant neoplasms",C53.9,35-44 years,35-44,16,835433,Unreliable
,Indiana,18,2020,2020,"Brain, unspecified - Malignant neoplasms",C71.9,35-44 years,35-44,13,835433,Unreliable
,Iowa,19,2019,2019,"Breast, unspecified - Malignant neoplasms",C50.9,35-44 years,35-44,13,385215,Unreliable
,Iowa,19,2020,2020,"Breast, unspecified - Malignant neoplasms",C50.9,35-44 years,35-44,13,390589,Unreliable
,Kansas,20,2019,2019,"Bronchus or lung, unspecified - Malignant neoplasms",C34.9,35-44 years,35-44,10,361029,Unreliable
,Kansas,20,2019,2019,"Breast, unspecified - Malignant neoplasms",C50.9,35-44 years,35-44,16,361029,Unreliable
,Kansas,20,2020,2020,"Breast, unspecified - Malignant neoplasms",C50.9,35-44 years,35-44,14,365011,Unreliable
,Kentucky,21,2019,2019,"Colon, unspecified - Malignant neoplasms",C18.9,35-44 years,35-44,14,550953,Unreliable
,Kentucky,21,2019,2019,"Bronchus or lung, unspecified - Malignant neoplasms",C34.9,35-44 years,35-44,19,550953,Unreliable
,Kentucky,21,2019,2019,"Breast, unspecified - Malignant neoplasms",C50.9,25-34 years,25-34,10,587380,Unreliable
,Kentucky,21,2019,2019,"Breast, unspecified - Malignant neoplasms",C50.9,35-44 years,35-44,30,550953,5.4
,Kentucky,21,2019,2019,"Cervix uteri, unspecified - Malignant neoplasms",C53.9,35-44 years,35-44,14,550953,Unreliable
,Kentucky,21,2019,2019,"Brain, unspecified - Malignant neoplasms",C71.9,35-44 years,35-44,15,550953,Unreliable
,Kentucky,21,2020,2020,"Stomach, unspecified - Malignant neoplasms",C16.9,35-44 years,35-44,10,550941,Unreliable
,Kentucky,21,2020,2020,"Bronchus or lung, unspecified - Malignant neoplasms",C34.9,35-44 years,35-44,23,550941,4.2
,Kentucky,21,2020,2020,"Breast, unspecified - Malignant neoplasms",C50.9,35-44 years,35-44,35,550941,6.4
,Kentucky,21,2020,2020,"Cervix uteri, unspecified - Malignant neoplasms",C53.9,35-44 years,35-44,11,550941,Unreliable
,Kentucky,21,2020,2020,Malignant neoplasm without specification of site,C80,35-44 years,35-44,13,550941,Unreliable
,Louisiana,22,2019,2019,"Bronchus or lung, unspecified - Malignant neoplasms",C34.9,35-44 years,35-44,16,589854,Unreliable
,Louisiana,22,2019,2019,"Breast, unspecified - Malignant neoplasms",C50.9,35-44 years,35-44,35,589854,5.9
,Louisiana,22,2019,2019,"Cervix uteri, unspecified - Malignant neoplasms",C53.9,35-44 years,35-44,17,589854,Unreliable
,Louisiana,22,2019,2019,"Brain, unspecified - Malignant neoplasms",C71.9,35-44 years,35-44,11,589854,Unreliable
,Louisiana,22,2019,2019,Malignant neoplasm without specification of site,C80,35-44 years,35-44,11,589854,Unreliable
,Louisiana,22,2020,2020,"Colon, unspecified - Malignant neoplasms",C18.9,35-44 years,35-44,15,597727,Unreliable
,Louisiana,22,2020,2020,"Bronchus or lung, unspecified - Malignant neoplasms",C34.9,35-44 years,35-44,15,597727,Unreliable
,Louisiana,22,2020,2020,"Breast, unspecified - Malignant neoplasms",C50.9,35-44 years,35-44,22,597727,3.7
,Louisiana,22,2020,2020,Malignant neoplasm without specification of site,C80,35-44 years,35-44,10,597727,Unreliable
,Maryland,24,2019,2019,"Colon, unspecified - Malignant neoplasms",C18.9,35-44 years,35-44,19,782213,Unreliable
,Maryland,24,2019,2019,"Bronchus or lung, unspecified - Malignant neoplasms",C34.9,35-44 years,35-44,11,782213,Unreliable
,Maryland,24,2019,2019,"Breast, unspecified - Malignant neoplasms",C50.9,25-34 years,25-34,10,829249,Unreliable
,Maryland,24,2019,2019,"Breast, unspecified - Malignant neoplasms",C50.9,35-44 years,35-44,31,782213,4
,Maryland,24,2020,2020,"Stomach, unspecified - Malignant neoplasms",C16.9,35-44 years,35-44,10,792009,Unreliable
,Maryland,24,2020,2020,"Colon, unspecified - Malignant neoplasms",C18.9,35-44 years,35-44,17,792009,Unreliable
,Maryland,24,2020,2020,"Pancreas, unspecified - Malignant neoplasms",C25.9,35-44 years,35-44,10,792009,Unreliable
,Maryland,24,2020,2020,"Breast, unspecified - Malignant neoplasms",C50.9,35-44 years,35-44,51,792009,6.4
,Maryland,24,2020,2020,"Cervix uteri, unspecified - Malignant neoplasms",C53.9,35-44 years,35-44,12,792009,Unreliable
,Maryland,24,2020,2020,"Brain, unspecified - Malignant neoplasms",C71.9,25-34 years,25-34,11,826201,Unreliable
,Maryland,24,2020,2020,"Brain, unspecified - Malignant neoplasms",C71.9,35-44 years,35-44,16,792009,Unreliable
,Massachusetts,25,2019,2019,"Colon, unspecified - Malignant neoplasms",C18.9,35-44 years,35-44,16,848373,Unreliable
,Massachusetts,25,2019,2019,"Bronchus or lung, unspecified - Malignant neoplasms",C34.9,35-44 years,35-44,12,848373,Unreliable
,Massachusetts,25,2019,2019,"Breast, unspecified - Malignant neoplasms",C50.9,35-44 years,35-44,27,848373,3.2
,Massachusetts,25,2019,2019,"Brain, unspecified - Malignant neoplasms",C71.9,35-44 years,35-44,23,848373,2.7
,Massachusetts,25,2020,2020,"Colon, unspecified - Malignant neoplasms",C18.9,35-44 years,35-44,15,859166,Unreliable
,Massachusetts,25,2020,2020,"Pancreas, unspecified - Malignant neoplasms",C25.9,35-44 years,35-44,10,859166,Unreliable
,Massachusetts,25,2020,2020,"Bronchus or lung, unspecified - Malignant neoplasms",C34.9,35-44 years,35-44,16,859166,Unreliable
,Massachusetts,25,2020,2020,"Breast, unspecified - Malignant neoplasms",C50.9,35-44 years,35-44,25,859166,2.9
,Massachusetts,25,2020,2020,"Brain, unspecified - Malignant neoplasms",C71.9,35-44 years,35-44,15,859166,Unreliable
,Michigan,26,2019,2019,"Colon, unspecified - Malignant neoplasms",C18.9,35-44 years,35-44,17,1166172,Unreliable
,Michigan,26,2019,2019,"Pancreas, unspecified - Malignant neoplasms",C25.9,35-44 years,35-44,19,1166172,Unreliable
,Michigan,26,2019,2019,"Bronchus or lung, unspecified - Malignant neoplasms",C34.9,35-44 years,35-44,25,1166172,2.1
,Michigan,26,2019,2019,"Malignant melanoma of skin, unspecified - Malignant neoplasms",C43.9,35-44 years,35-44,14,1166172,Unreliable
,Michigan,26,2019,2019,"Breast, unspecified - Malignant neoplasms",C50.9,25-34 years,25-34,12,1311614,Unreliable
,Michigan,26,2019,2019,"Breast, unspecified - Malignant neoplasms",C50.9,35-44 years,35-44,68,1166172,5.8
,Michigan,26,2019,2019,"Cervix uteri, unspecified - Malignant neoplasms",C53.9,35-44 years,35-44,10,1166172,Unreliable
,Michigan,26,2019,2019,"Brain, unspecified - Malignant neoplasms",C71.9,15-24 years,15-24,10,1326325,Unreliable
,Michigan,26,2019,2019,"Brain, unspecified - Malignant neoplasms",C71.9,25-34 years,25-34,10,1311614,Unreliable
,Michigan,26,2019,2019,"Brain, unspecified - Malignant neoplasms",C71.9,35-44 years,35-44,28,1166172,2.4
,Michigan,26,2019,2019,Malignant neoplasm without specification of site,C80,35-44 years,35-44,13,1166172,Unreliable
,Michigan,26,2020,2020,"Colon, unspecified - Malignant neoplasms",C18.9,35-44 years,35-44,26,1171196,2.2
,Michigan,26,2020,2020,"Pancreas, unspecified - Malignant neoplasms",C25.9,35-44 years,35-44,13,1171196,Unreliable
,Michigan,26,2020,2020,"Bronchus or lung, unspecified - Malignant neoplasms",C34.9,35-44 years,35-44,20,1171196,1.7
,Michigan,26,2020,2020,"Breast, unspecified - Malignant neoplasms",C50.9,25-34 years,25-34,10,1317802,Unreliable
,Michigan,26,2020,2020,"Breast, unspecified - Malignant neoplasms",C50.9,35-44 years,35-44,55,1171196,4.7
,Michigan,26,2020,2020,"Cervix uteri, unspecified - Malignant neoplasms",C53.9,35-44 years,35-44,16,1171196,Unreliable
,Michigan,26,2020,2020,Malignant neoplasm of ovary,C56,35-44 years,35-44,14,1171196,Unreliable
,Michigan,26,2020,2020,"Brain, unspecified - Malignant neoplasms",C71.9,25-34 years,25-34,11,1317802,Unreliable
,Michigan,26,2020,2020,"Brain, unspecified - Malignant neoplasms",C71.9,35-44 years,35-44,24,1171196,2
,Michigan,26,2020,2020,Malignant neoplasm without specification of site,C80,35-44 years,35-44,12,1171196,Unreliable
,Minnesota,27,2019,2019,"Colon, unspecified - Malignant neoplasms",C18.9,35-44 years,35-44,15,725577,Unreliable
,Minnesota,27,2019,2019,"Breast, unspecified - Malignant neoplasms",C50.9,35-44 years,35-44,28,725577,3.9
,Minnesota,27,2019,2019,"Brain, unspecified - Malignant neoplasms",C71.9,25-34 years,25-34,11,762616,Unreliable
,Minnesota,27,2019,2019,"Brain, unspecified - Malignant neoplasms",C71.9,35-44 years,35-44,15,725577,Unreliable
,Minnesota,27,2020,2020,"Colon, unspecified - Malignant neoplasms",C18.9,35-44 years,35-44,13,739952,Unreliable
,Minnesota,27,2020,2020,"Pancreas, unspecified - Malignant neoplasms",C25.9,35-44 years,35-44,11,739952,Unreliable
,Minnesota,27,2020,2020,"Breast, unspecified - Malignant neoplasms",C50.9,35-44 years,35-44,37,739952,5
,Minnesota,27,2020,2020,"Brain, unspecified - Malignant neoplasms",C71.9,25-34 years,25-34,10,760397,Unreliable
,Minnesota,27,2020,2020,"Brain, unspecified - Malignant neoplasms",C71.9,35-44 years,35-44,19,739952,Unreliable
,Mississippi,28,2019,2019,"Colon, unspecified - Malignant neoplasms",C18.9,35-44 years,35-44,19,365754,Unreliable
,Mississippi,28,2019,2019,"Bronchus or lung, unspecified - Malignant neoplasms",C34.9,35-44 years,35-44,10,365754,Unreliable
,Mississippi,28,2019,2019,"Breast, unspecified - Malignant neoplasms",C50.9,35-44 years,35-44,16,365754,Unreliable
,Mississippi,28,2019,2019,"Cervix uteri, unspecified - Malignant neoplasms",C53.9,35-44 years,35-44,16,365754,Unreliable
,Mississippi,28,2020,2020,"Colon, unspecified - Malignant neoplasms",C18.9,35-44 years,35-44,14,365340,Unreliable
,Mississippi,28,2020,2020,"Bronchus or lung, unspecified - Malignant neoplasms",C34.9,35-44 years,35-44,14,365340,Unreliable
,Mississippi,28,2020,2020,"Breast, unspecified - Malignant neoplasms",C50.9,35-44 years,35-44,22,365340,6
,Mississippi,28,2020,2020,"Brain, unspecified - Malignant neoplasms",C71.9,35-44 years,35-44,10,365340,Unreliable
,Missouri,29,2019,2019,"Colon, unspecified - Malignant neoplasms",C18.9,35-44 years,35-44,18,753739,Unreliable
,Missouri,29,2019,2019,"Pancreas, unspecified - Malignant neoplasms",C25.9,35-44 years,35-44,14,753739,Unreliable
,Missouri,29,2019,2019,"Breast, unspecified - Malignant neoplasms",C50.9,35-44 years,35-44,42,753739,5.6
,Missouri,29,2019,2019,"Brain, unspecified - Malignant neoplasms",C71.9,35-44 years,35-44,13,753739,Unreliable
,Missouri,29,2019,2019,Malignant neoplasm without specification of site,C80,35-44 years,35-44,10,753739,Unreliable
,Missouri,29,2020,2020,"Colon, unspecified - Malignant neoplasms",C18.9,35-44 years,35-44,23,762624,3
,Missouri,29,2020,2020,"Bronchus or lung, unspecified - Malignant neoplasms",C34.9,35-44 years,35-44,17,762624,Unreliable
,Missouri,29,2020,2020,"Malignant melanoma of skin, unspecified - Malignant neoplasms",C43.9,35-44 years,35-44,11,762624,Unreliable
,Missouri,29,2020,2020,"Breast, unspecified - Malignant neoplasms",C50.9,35-44 years,35-44,28,762624,3.7
,Missouri,29,2020,2020,"Cervix uteri, unspecified - Malignant neoplasms",C53.9,35-44 years,35-44,13,762624,Unreliable
,Missouri,29,2020,2020,"Brain, unspecified - Malignant neoplasms",C71.9,35-44 years,35-44,24,762624,3.1
,Nebraska,31,2019,2019,"Breast, unspecified - Malignant neoplasms",C50.9,35-44 years,35-44,12,243139,Unreliable
,Nevada,32,2019,2019,"Breast, unspecified - Malignant neoplasms",C50.9,35-44 years,35-44,26,410505,6.3
,Nevada,32,2020,2020,"Colon, unspecified - Malignant neoplasms",C18.9,35-44 years,35-44,10,420922,Unreliable
,Nevada,32,2020,2020,"Breast, unspecified - Malignant neoplasms",C50.9,35-44 years,35-44,22,420922,5.2
,Nevada,32,2020,2020,"Cervix uteri, unspecified - Malignant neoplasms",C53.9,35-44 years,35-44,10,420922,Unreliable
,New Jersey,34,2019,2019,"Stomach, unspecified - Malignant neoplasms",C16.9,35-44 years,35-44,10,1137693,Unreliable
,New Jersey,34,2019,2019,"Colon, unspecified - Malignant neoplasms",C18.9,35-44 years,35-44,32,1137693,2.8
,New Jersey,34,2019,2019,"Bronchus or lung, unspecified - Malignant neoplasms",C34.9,35-44 years,35-44,19,1137693,Unreliable
,New Jersey,34,2019,2019,"Breast, unspecified - Malignant neoplasms",C50.9,25-34 years,25-34,12,1152278,Unreliable
,New Jersey,34,2019,2019,"Breast, unspecified - Malignant neoplasms",C50.9,35-44 years,35-44,58,1137693,5.1
,New Jersey,34,2019,2019,"Cervix uteri, unspecified - Malignant neoplasms",C53.9,35-44 years,35-44,14,1137693,Unreliable
,New Jersey,34,2019,2019,"Brain, unspecified - Malignant neoplasms",C71.9,35-44 years,35-44,25,1137693,2.2
,New Jersey,34,2019,2019,Malignant neoplasm without specification of site,C80,35-44 years,35-44,13,1137693,Unreliable
,New Jersey,34,2020,2020,"Stomach, unspecified - Malignant neoplasms",C16.9,35-44 years,35-44,12,1141377,Unreliable
,New Jersey,34,2020,2020,"Colon, unspecified - Malignant neoplasms",C18.9,25-34 years,25-34,10,1154546,Unreliable
,New Jersey,34,2020,2020,"Colon, unspecified - Malignant neoplasms",C18.9,35-44 years,35-44,24,1141377,2.1
,New Jersey,34,2020,2020,"Pancreas, unspecified - Malignant neoplasms",C25.9,35-44 years,35-44,13,1141377,Unreliable
,New Jersey,34,2020,2020,"Bronchus or lung, unspecified - Malignant neoplasms",C34.9,35-44 years,35-44,19,1141377,Unreliable
,New Jersey,34,2020,2020,"Breast, unspecified - Malignant neoplasms",C50.9,35-44 years,35-44,47,1141377,4.1
,New Jersey,34,2020,2020,"Cervix uteri, unspecified - Malignant neoplasms",C53.9,35-44 years,35-44,11,1141377,Unreliable
,New Jersey,34,2020,2020,"Brain, unspecified - Malignant neoplasms",C71.9,35-44 years,35-44,17,1141377,Unreliable
,New Jersey,34,2020,2020,Malignant neoplasm without specification of site,C80,35-44 years,35-44,14,1141377,Unreliable
,New Mexico,35,2019,2019,"Breast, unspecified - Malignant neoplasms",C50.9,35-44 years,35-44,18,254846,Unreliable
,New York,36,2019,2019,"Stomach, unspecified - Malignant neoplasms",C16.9,25-34 years,25-34,11,2867651,Unreliable
,New York,36,2019,2019,"Stomach, unspecified - Malignant neoplasms",C16.9,35-44 years,35-44,33,2429961,1.4
,New York,36,2019,2019,"Colon, unspecified - Malignant neoplasms",C18.9,25-34 years,25-34,14,2867651,Unreliable
,New York,36,2019,2019,"Colon, unspecified - Malignant neoplasms",C18.9,35-44 years,35-44,54,2429961,2.2
,New York,36,2019,2019,Malignant neoplasm of rectosigmoid junction,C19,35-44 years,35-44,10,2429961,Unreliable
,New York,36,2019,2019,Malignant neoplasm of rectum,C20,35-44 years,35-44,10,2429961,Unreliable
,New York,36,2019,2019,Liver cell carcinoma - Malignant neoplasms,C22.0,35-44 years,35-44,10,2429961,Unreliable
,New York,36,2019,2019,"Pancreas, unspecified - Malignant neoplasms",C25.9,35-44 years,35-44,36,2429961,1.5
,New York,36,2019,2019,"Bronchus or lung, unspecified - Malignant neoplasms",C34.9,35-44 years,35-44,41,2429961,1.7
,New York,36,2019,2019,"Bone and articular cartilage, unspecified - Malignant neoplasms",C41.9,15-24 years,15-24,15,2445246,Unreliable
,New York,36,2019,2019,"Malignant melanoma of skin, unspecified - Malignant neoplasms",C43.9,35-44 years,35-44,12,2429961,Unreliable
,New York,36,2019,2019,"Connective and soft tissue, unspecified - Malignant neoplasms",C49.9,35-44 years,35-44,12,2429961,Unreliable
,New York,36,2019,2019,"Breast, unspecified - Malignant neoplasms",C50.9,25-34 years,25-34,27,2867651,0.9
,New York,36,2019,2019,"Breast, unspecified - Malignant neoplasms",C50.9,35-44 years,35-44,114,2429961,4.7
,New York,36,2019,2019,"Cervix uteri, unspecified - Malignant neoplasms",C53.9,35-44 years,35-44,33,2429961,1.4
,New York,36,2019,2019,Malignant neoplasm of ovary,C56,35-44 years,35-44,17,2429961,Unreliable
,New York,36,2019,2019,"Brain, unspecified - Malignant neoplasms",C71.9,25-34 years,25-34,18,2867651,Unreliable
,New York,36,2019,2019,"Brain, unspecified - Malignant neoplasms",C71.9,35-44 years,35-44,30,2429961,1.2
,New York,36,2019,2019,Malignant neoplasm without specification of site,C80,25-34 years,25-34,10,2867651,Unreliable
,New York,36,2019,2019,Malignant neoplasm without specification of site,C80,35-44 years,35-44,35,2429961,1.4
,New York,36,2019,2019,Acute myeloid leukaemia - Malignant neoplasms,C92.0,25-34 years,25-34,15,2867651,Unreliable
,New York,36,2019,2019,Acute myeloid leukaemia - Malignant neoplasms,C92.0,35-44 years,35-44,13,2429961,Unreliable
,New York,36,2020,2020,"Oesophagus, unspecified - Malignant neoplasms",C15.9,35-44 years,35-44,12,2431213,Unreliable
,New York,36,2020,2020,"Stomach, unspecified - Malignant neoplasms",C16.9,35-44 years,35-44,24,2431213,1
,New York,36,2020,2020,"Colon, unspecified - Malignant neoplasms",C18.9,25-34 years,25-34,15,2837548,Unreliable
,New York,36,2020,2020,"Colon, unspecified - Malignant neoplasms",C18.9,35-44 years,35-44,56,2431213,2.3
,New York,36,2020,2020,Malignant neoplasm of rectosigmoid junction,C19,35-44 years,35-44,14,2431213,Unreliable
,New York,36,2020,2020,Malignant neoplasm of rectum,C20,35-44 years,35-44,16,2431213,Unreliable
,New York,36,2020,2020,Intrahepatic bile duct carcinoma - Malignant neoplasms,C22.1,35-44 years,35-44,10,2431213,Unreliable
,New York,36,2020,2020,"Pancreas, unspecified - Malignant neoplasms",C25.9,35-44 years,35-44,23,2431213,0.9
,New York,36,2020,2020,"Bronchus or lung, unspecified - Malignant neoplasms",C34.9,35-44 years,35-44,51,2431213,2.1
,New York,36,2020,2020,"Bone and articular cartilage, unspecified - Malignant neoplasms",C41.9,15-24 years,15-24,13,2397252,Unreliable
,New York,36,2020,2020,"Malignant melanoma of skin, unspecified - Malignant neoplasms",C43.9,35-44 years,35-44,12,2431213,Unreliable
,New York,36,2020,2020,"Connective and soft tissue, unspecified - Malignant neoplasms",C49.9,35-44 years,35-44,13,2431213,Unreliable
,New York,36,2020,2020,"Breast, unspecified - Malignant neoplasms",C50.9,25-34 years,25-34,22,2837548,0.8
,New York,36,2020,2020,"Breast, unspecified - Malignant neoplasms",C50.9,35-44 years,35-44,115,2431213,4.7
,New York,36,2020,2020,"Cervix uteri, unspecified - Malignant neoplasms",C53.9,35-44 years,35-44,18,2431213,Unreliable
,New York,36,2020,2020,"Malignant neoplasm of kidney, except renal pelvis",C64,35-44 years,35-44,11,2431213,Unreliable
,New York,36,2020,2020,"Brain, unspecified - Malignant neoplasms",C71.9,5-14 years,14-May,14,2204662,Unreliable
,New York,36,2020,2020,"Brain, unspecified - Malignant neoplasms",C71.9,15-24 years,15-24,13,2397252,Unreliable
,New York,36,2020,2020,"Brain, unspecified - Malignant neoplasms",C71.9,25-34 years,25-34,25,2837548,0.9
,New York,36,2020,2020,"Brain, unspecified - Malignant neoplasms",C71.9,35-44 years,35-44,42,2431213,1.7
,New York,36,2020,2020,Malignant neoplasm without specification of site,C80,25-34 years,25-34,14,2837548,Unreliable
,New York,36,2020,2020,Malignant neoplasm without specification of site,C80,35-44 years,35-44,31,2431213,1.3
,New York,36,2020,2020,Acute myeloid leukaemia - Malignant neoplasms,C92.0,25-34 years,25-34,11,2837548,Unreliable
,New York,36,2020,2020,Acute myeloid leukaemia - Malignant neoplasms,C92.0,35-44 years,35-44,16,2431213,Unreliable
,North Carolina,37,2019,2019,"Stomach, unspecified - Malignant neoplasms",C16.9,35-44 years,35-44,11,1303427,Unreliable
,North Carolina,37,2019,2019,"Colon, unspecified - Malignant neoplasms",C18.9,35-44 years,35-44,18,1303427,Unreliable
,North Carolina,37,2019,2019,Malignant neoplasm of rectum,C20,35-44 years,35-44,11,1303427,Unreliable
,North Carolina,37,2019,2019,"Pancreas, unspecified - Malignant neoplasms",C25.9,35-44 years,35-44,18,1303427,Unreliable
,North Carolina,37,2019,2019,"Bronchus or lung, unspecified - Malignant neoplasms",C34.9,35-44 years,35-44,33,1303427,2.5
,North Carolina,37,2019,2019,"Breast, unspecified - Malignant neoplasms",C50.9,35-44 years,35-44,66,1303427,5.1
,North Carolina,37,2019,2019,"Cervix uteri, unspecified - Malignant neoplasms",C53.9,35-44 years,35-44,16,1303427,Unreliable
,North Carolina,37,2019,2019,"Brain, unspecified - Malignant neoplasms",C71.9,35-44 years,35-44,15,1303427,Unreliable
,North Carolina,37,2019,2019,Malignant neoplasm without specification of site,C80,35-44 years,35-44,25,1303427,1.9
,North Carolina,37,2020,2020,"Stomach, unspecified - Malignant neoplasms",C16.9,35-44 years,35-44,11,1316575,Unreliable
,North Carolina,37,2020,2020,"Colon, unspecified - Malignant neoplasms",C18.9,25-34 years,25-34,11,1436825,Unreliable
,North Carolina,37,2020,2020,"Colon, unspecified - Malignant neoplasms",C18.9,35-44 years,35-44,26,1316575,2
,North Carolina,37,2020,2020,Malignant neoplasm of rectum,C20,35-44 years,35-44,10,1316575,Unreliable
,North Carolina,37,2020,2020,"Pancreas, unspecified - Malignant neoplasms",C25.9,35-44 years,35-44,12,1316575,Unreliable
,North Carolina,37,2020,2020,"Bronchus or lung, unspecified - Malignant neoplasms",C34.9,35-44 years,35-44,23,1316575,1.7
,North Carolina,37,2020,2020,"Malignant melanoma of skin, unspecified - Malignant neoplasms",C43.9,35-44 years,35-44,11,1316575,Unreliable
,North Carolina,37,2020,2020,"Breast, unspecified - Malignant neoplasms",C50.9,25-34 years,25-34,13,1436825,Unreliable
,North Carolina,37,2020,2020,"Breast, unspecified - Malignant neoplasms",C50.9,35-44 years,35-44,63,1316575,4.8
,North Carolina,37,2020,2020,"Cervix uteri, unspecified - Malignant neoplasms",C53.9,35-44 years,35-44,12,1316575,Unreliable
,North Carolina,37,2020,2020,"Malignant neoplasm of kidney, except renal pelvis",C64,35-44 years,35-44,10,1316575,Unreliable
,North Carolina,37,2020,2020,"Brain, unspecified - Malignant neoplasms",C71.9,35-44 years,35-44,28,1316575,2.1
,North Carolina,37,2020,2020,Malignant neoplasm without specification of site,C80,35-44 years,35-44,11,1316575,Unreliable
,Ohio,39,2019,2019,"Oesophagus, unspecified - Malignant neoplasms",C15.9,35-44 years,35-44,19,1397808,Unreliable
,Ohio,39,2019,2019,"Colon, unspecified - Malignant neoplasms",C18.9,35-44 years,35-44,27,1397808,1.9
,Ohio,39,2019,2019,"Pancreas, unspecified - Malignant neoplasms",C25.9,35-44 years,35-44,18,1397808,Unreliable
,Ohio,39,2019,2019,"Bronchus or lung, unspecified - Malignant neoplasms",C34.9,35-44 years,35-44,35,1397808,2.5
,Ohio,39,2019,2019,"Bone and articular cartilage, unspecified - Malignant neoplasms",C41.9,15-24 years,15-24,11,1507223,Unreliable
,Ohio,39,2019,2019,"Malignant melanoma of skin, unspecified - Malignant neoplasms",C43.9,35-44 years,35-44,14,1397808,Unreliable
,Ohio,39,2019,2019,"Breast, unspecified - Malignant neoplasms",C50.9,25-34 years,25-34,19,1554378,Unreliable
,Ohio,39,2019,2019,"Breast, unspecified - Malignant neoplasms",C50.9,35-44 years,35-44,63,1397808,4.5
,Ohio,39,2019,2019,"Cervix uteri, unspecified - Malignant neoplasms",C53.9,35-44 years,35-44,17,1397808,Unreliable
,Ohio,39,2019,2019,"Malignant neoplasm of kidney, except renal pelvis",C64,35-44 years,35-44,13,1397808,Unreliable
,Ohio,39,2019,2019,"Brain, unspecified - Malignant neoplasms",C71.9,25-34 years,25-34,18,1554378,Unreliable
,Ohio,39,2019,2019,"Brain, unspecified - Malignant neoplasms",C71.9,35-44 years,35-44,26,1397808,1.9
,Ohio,39,2019,2019,Malignant neoplasm without specification of site,C80,35-44 years,35-44,24,1397808,1.7
,Ohio,39,2019,2019,Acute myeloid leukaemia - Malignant neoplasms,C92.0,35-44 years,35-44,14,1397808,Unreliable
,Ohio,39,2020,2020,"Colon, unspecified - Malignant neoplasms",C18.9,35-44 years,35-44,25,1410659,1.8
,Ohio,39,2020,2020,Intrahepatic bile duct carcinoma - Malignant neoplasms,C22.1,35-44 years,35-44,10,1410659,Unreliable
,Ohio,39,2020,2020,"Pancreas, unspecified - Malignant neoplasms",C25.9,35-44 years,35-44,24,1410659,1.7
,Ohio,39,2020,2020,"Bronchus or lung, unspecified - Malignant neoplasms",C34.9,35-44 years,35-44,38,1410659,2.7
,Ohio,39,2020,2020,"Malignant melanoma of skin, unspecified - Malignant neoplasms",C43.9,35-44 years,35-44,21,1410659,1.5
,Ohio,39,2020,2020,"Breast, unspecified - Malignant neoplasms",C50.9,25-34 years,25-34,18,1561808,Unreliable
,Ohio,39,2020,2020,"Breast, unspecified - Malignant neoplasms",C50.9,35-44 years,35-44,58,1410659,4.1
,Ohio,39,2020,2020,"Cervix uteri, unspecified - Malignant neoplasms",C53.9,35-44 years,35-44,22,1410659,1.6
,Ohio,39,2020,2020,Malignant neoplasm of ovary,C56,35-44 years,35-44,10,1410659,Unreliable
,Ohio,39,2020,2020,"Brain, unspecified - Malignant neoplasms",C71.9,25-34 years,25-34,11,1561808,Unreliable
,Ohio,39,2020,2020,"Brain, unspecified - Malignant neoplasms",C71.9,35-44 years,35-44,31,1410659,2.2
,Ohio,39,2020,2020,Malignant neoplasm without specification of site,C80,25-34 years,25-34,12,1561808,Unreliable
,Ohio,39,2020,2020,Malignant neoplasm without specification of site,C80,35-44 years,35-44,17,1410659,Unreliable
,Ohio,39,2020,2020,Acute myeloid leukaemia - Malignant neoplasms,C92.0,35-44 years,35-44,11,1410659,Unreliable
,Oklahoma,40,2019,2019,"Colon, unspecified - Malignant neoplasms",C18.9,35-44 years,35-44,21,497873,4.2
,Oklahoma,40,2019,2019,"Bronchus or lung, unspecified - Malignant neoplasms",C34.9,35-44 years,35-44,17,497873,Unreliable
,Oklahoma,40,2019,2019,"Breast, unspecified - Malignant neoplasms",C50.9,35-44 years,35-44,28,497873,5.6
,Oklahoma,40,2019,2019,"Brain, unspecified - Malignant neoplasms",C71.9,35-44 years,35-44,11,497873,Unreliable
,Oklahoma,40,2020,2020,"Colon, unspecified - Malignant neoplasms",C18.9,35-44 years,35-44,16,505948,Unreliable
,Oklahoma,40,2020,2020,"Bronchus or lung, unspecified - Malignant neoplasms",C34.9,35-44 years,35-44,14,505948,Unreliable
,Oklahoma,40,2020,2020,"Breast, unspecified - Malignant neoplasms",C50.9,35-44 years,35-44,21,505948,4.2
,Oklahoma,40,2020,2020,"Cervix uteri, unspecified - Malignant neoplasms",C53.9,35-44 years,35-44,12,505948,Unreliable
,Oregon,41,2019,2019,"Breast, unspecified - Malignant neoplasms",C50.9,35-44 years,35-44,27,568712,4.7
,Oregon,41,2019,2019,"Brain, unspecified - Malignant neoplasms",C71.9,35-44 years,35-44,10,568712,Unreliable
,Oregon,41,2020,2020,"Breast, unspecified - Malignant neoplasms",C50.9,35-44 years,35-44,22,578539,3.8
,Pennsylvania,42,2019,2019,"Oesophagus, unspecified - Malignant neoplasms",C15.9,35-44 years,35-44,10,1513739,Unreliable
,Pennsylvania,42,2019,2019,"Stomach, unspecified - Malignant neoplasms",C16.9,35-44 years,35-44,11,1513739,Unreliable
,Pennsylvania,42,2019,2019,"Colon, unspecified - Malignant neoplasms",C18.9,35-44 years,35-44,34,1513739,2.2
,Pennsylvania,42,2019,2019,"Pancreas, unspecified - Malignant neoplasms",C25.9,35-44 years,35-44,18,1513739,Unreliable
,Pennsylvania,42,2019,2019,"Bronchus or lung, unspecified - Malignant neoplasms",C34.9,35-44 years,35-44,34,1513739,2.2
,Pennsylvania,42,2019,2019,"Malignant melanoma of skin, unspecified - Malignant neoplasms",C43.9,35-44 years,35-44,14,1513739,Unreliable
,Pennsylvania,42,2019,2019,"Breast, unspecified - Malignant neoplasms",C50.9,25-34 years,25-34,12,1709136,Unreliable
,Pennsylvania,42,2019,2019,"Breast, unspecified - Malignant neoplasms",C50.9,35-44 years,35-44,78,1513739,5.2
,Pennsylvania,42,2019,2019,"Cervix uteri, unspecified - Malignant neoplasms",C53.9,35-44 years,35-44,14,1513739,Unreliable
,Pennsylvania,42,2019,2019,Malignant neoplasm of ovary,C56,35-44 years,35-44,12,1513739,Unreliable
,Pennsylvania,42,2019,2019,"Brain, unspecified - Malignant neoplasms",C71.9,35-44 years,35-44,28,1513739,1.8
,Pennsylvania,42,2019,2019,Malignant neoplasm without specification of site,C80,35-44 years,35-44,22,1513739,1.5
,Pennsylvania,42,2019,2019,Acute myeloid leukaemia - Malignant neoplasms,C92.0,35-44 years,35-44,10,1513739,Unreliable
,Pennsylvania,42,2020,2020,"Stomach, unspecified - Malignant neoplasms",C16.9,35-44 years,35-44,10,1534009,Unreliable
,Pennsylvania,42,2020,2020,"Colon, unspecified - Malignant neoplasms",C18.9,35-44 years,35-44,30,1534009,2
,Pennsylvania,42,2020,2020,Malignant neoplasm of rectum,C20,35-44 years,35-44,10,1534009,Unreliable
,Pennsylvania,42,2020,2020,"Pancreas, unspecified - Malignant neoplasms",C25.9,35-44 years,35-44,14,1534009,Unreliable
,Pennsylvania,42,2020,2020,"Bronchus or lung, unspecified - Malignant neoplasms",C34.9,35-44 years,35-44,29,1534009,1.9
,Pennsylvania,42,2020,2020,"Breast, unspecified - Malignant neoplasms",C50.9,25-34 years,25-34,13,1707051,Unreliable
,Pennsylvania,42,2020,2020,"Breast, unspecified - Malignant neoplasms",C50.9,35-44 years,35-44,62,1534009,4
,Pennsylvania,42,2020,2020,"Cervix uteri, unspecified - Malignant neoplasms",C53.9,35-44 years,35-44,21,1534009,1.4
,Pennsylvania,42,2020,2020,Malignant neoplasm of ovary,C56,35-44 years,35-44,15,1534009,Unreliable
,Pennsylvania,42,2020,2020,"Brain, unspecified - Malignant neoplasms",C71.9,25-34 years,25-34,16,1707051,Unreliable
,Pennsylvania,42,2020,2020,"Brain, unspecified - Malignant neoplasms",C71.9,35-44 years,35-44,26,1534009,1.7
,Pennsylvania,42,2020,2020,Malignant neoplasm without specification of site,C80,35-44 years,35-44,20,1534009,1.3
,Pennsylvania,42,2020,2020,Acute myeloid leukaemia - Malignant neoplasms,C92.0,35-44 years,35-44,14,1534009,Unreliable
,South Carolina,45,2019,2019,"Colon, unspecified - Malignant neoplasms",C18.9,35-44 years,35-44,20,620504,3.2
,South Carolina,45,2019,2019,"Bronchus or lung, unspecified - Malignant neoplasms",C34.9,35-44 years,35-44,17,620504,Unreliable
,South Carolina,45,2019,2019,"Breast, unspecified - Malignant neoplasms",C50.9,35-44 years,35-44,31,620504,5
,South Carolina,45,2020,2020,"Colon, unspecified - Malignant neoplasms",C18.9,35-44 years,35-44,15,630338,Unreliable
,South Carolina,45,2020,2020,"Bronchus or lung, unspecified - Malignant neoplasms",C34.9,35-44 years,35-44,22,630338,3.5
,South Carolina,45,2020,2020,"Breast, unspecified - Malignant neoplasms",C50.9,35-44 years,35-44,37,630338,5.9
,South Carolina,45,2020,2020,"Cervix uteri, unspecified - Malignant neoplasms",C53.9,35-44 years,35-44,12,630338,Unreliable
,Tennessee,47,2019,2019,"Colon, unspecified - Malignant neoplasms",C18.9,35-44 years,35-44,25,847658,2.9
,Tennessee,47,2019,2019,"Pancreas, unspecified - Malignant neoplasms",C25.9,35-44 years,35-44,12,847658,Unreliable
,Tennessee,47,2019,2019,"Bronchus or lung, unspecified - Malignant neoplasms",C34.9,35-44 years,35-44,27,847658,3.2
,Tennessee,47,2019,2019,"Malignant melanoma of skin, unspecified - Malignant neoplasms",C43.9,35-44 years,35-44,13,847658,Unreliable
,Tennessee,47,2019,2019,"Breast, unspecified - Malignant neoplasms",C50.9,25-34 years,25-34,11,949656,Unreliable
,Tennessee,47,2019,2019,"Breast, unspecified - Malignant neoplasms",C50.9,35-44 years,35-44,28,847658,3.3
,Tennessee,47,2019,2019,"Cervix uteri, unspecified - Malignant neoplasms",C53.9,35-44 years,35-44,12,847658,Unreliable
,Tennessee,47,2019,2019,"Brain, unspecified - Malignant neoplasms",C71.9,35-44 years,35-44,18,847658,Unreliable
,Tennessee,47,2019,2019,Malignant neoplasm without specification of site,C80,35-44 years,35-44,10,847658,Unreliable
,Tennessee,47,2020,2020,"Oesophagus, unspecified - Malignant neoplasms",C15.9,35-44 years,35-44,13,854962,Unreliable
,Tennessee,47,2020,2020,"Stomach, unspecified - Malignant neoplasms",C16.9,35-44 years,35-44,10,854962,Unreliable
,Tennessee,47,2020,2020,"Colon, unspecified - Malignant neoplasms",C18.9,35-44 years,35-44,23,854962,2.7
,Tennessee,47,2020,2020,"Pancreas, unspecified - Malignant neoplasms",C25.9,35-44 years,35-44,10,854962,Unreliable
,Tennessee,47,2020,2020,"Bronchus or lung, unspecified - Malignant neoplasms",C34.9,35-44 years,35-44,19,854962,Unreliable
,Tennessee,47,2020,2020,"Breast, unspecified - Malignant neoplasms",C50.9,35-44 years,35-44,46,854962,5.4
,Tennessee,47,2020,2020,"Cervix uteri, unspecified - Malignant neoplasms",C53.9,35-44 years,35-44,19,854962,Unreliable
,Tennessee,47,2020,2020,"Brain, unspecified - Malignant neoplasms",C71.9,25-34 years,25-34,15,961939,Unreliable
,Tennessee,47,2020,2020,"Brain, unspecified - Malignant neoplasms",C71.9,35-44 years,35-44,19,854962,Unreliable
,Texas,48,2019,2019,"Oesophagus, unspecified - Malignant neoplasms",C15.9,35-44 years,35-44,23,3942439,0.6
,Texas,48,2019,2019,"Stomach, unspecified - Malignant neoplasms",C16.9,25-34 years,25-34,17,4276763,Unreliable
,Texas,48,2019,2019,"Stomach, unspecified - Malignant neoplasms",C16.9,35-44 years,35-44,48,3942439,1.2
,Texas,48,2019,2019,"Colon, unspecified - Malignant neoplasms",C18.9,25-34 years,25-34,23,4276763,0.5
,Texas,48,2019,2019,"Colon, unspecified - Malignant neoplasms",C18.9,35-44 years,35-44,85,3942439,2.2
,Texas,48,2019,2019,Malignant neoplasm of rectosigmoid junction,C19,35-44 years,35-44,14,3942439,Unreliable
,Texas,48,2019,2019,Malignant neoplasm of rectum,C20,25-34 years,25-34,12,4276763,Unreliable
,Texas,48,2019,2019,Malignant neoplasm of rectum,C20,35-44 years,35-44,24,3942439,0.6
,Texas,48,2019,2019,Intrahepatic bile duct carcinoma - Malignant neoplasms,C22.1,35-44 years,35-44,11,3942439,Unreliable
,Texas,48,2019,2019,"Pancreas, unspecified - Malignant neoplasms",C25.9,35-44 years,35-44,41,3942439,1
,Texas,48,2019,2019,"Bronchus or lung, unspecified - Malignant neoplasms",C34.9,25-34 years,25-34,11,4276763,Unreliable
,Texas,48,2019,2019,"Bronchus or lung, unspecified - Malignant neoplasms",C34.9,35-44 years,35-44,59,3942439,1.5
,Texas,48,2019,2019,"Bone and articular cartilage, unspecified - Malignant neoplasms",C41.9,15-24 years,15-24,17,4055517,Unreliable
,Texas,48,2019,2019,"Malignant melanoma of skin, unspecified - Malignant neoplasms",C43.9,35-44 years,35-44,12,3942439,Unreliable
,Texas,48,2019,2019,"Connective and soft tissue, unspecified - Malignant neoplasms",C49.9,25-34 years,25-34,12,4276763,Unreliable
,Texas,48,2019,2019,"Connective and soft tissue, unspecified - Malignant neoplasms",C49.9,35-44 years,35-44,18,3942439,Unreliable
,Texas,48,2019,2019,"Breast, unspecified - Malignant neoplasms",C50.9,25-34 years,25-34,44,4276763,1
,Texas,48,2019,2019,"Breast, unspecified - Malignant neoplasms",C50.9,35-44 years,35-44,191,3942439,4.8
,Texas,48,2019,2019,"Cervix uteri, unspecified - Malignant neoplasms",C53.9,25-34 years,25-34,25,4276763,0.6
,Texas,48,2019,2019,"Cervix uteri, unspecified - Malignant neoplasms",C53.9,35-44 years,35-44,72,3942439,1.8
,Texas,48,2019,2019,Endometrium - Malignant neoplasms,C54.1,35-44 years,35-44,14,3942439,Unreliable
,Texas,48,2019,2019,"Malignant neoplasm of uterus, part unspecified",C55,35-44 years,35-44,13,3942439,Unreliable
,Texas,48,2019,2019,Malignant neoplasm of ovary,C56,35-44 years,35-44,30,3942439,0.8
,Texas,48,2019,2019,"Testis, unspecified - Malignant neoplasms",C62.9,25-34 years,25-34,14,4276763,Unreliable
,Texas,48,2019,2019,"Testis, unspecified - Malignant neoplasms",C62.9,35-44 years,35-44,11,3942439,Unreliable
,Texas,48,2019,2019,"Malignant neoplasm of kidney, except renal pelvis",C64,35-44 years,35-44,18,3942439,Unreliable
,Texas,48,2019,2019,"Brain, unspecified - Malignant neoplasms",C71.9,5-14 years,14-May,14,4166702,Unreliable
,Texas,48,2019,2019,"Brain, unspecified - Malignant neoplasms",C71.9,15-24 years,15-24,12,4055517,Unreliable
,Texas,48,2019,2019,"Brain, unspecified - Malignant neoplasms",C71.9,25-34 years,25-34,25,4276763,0.6
,Texas,48,2019,2019,"Brain, unspecified - Malignant neoplasms",C71.9,35-44 years,35-44,44,3942439,1.1
,Texas,48,2019,2019,Malignant neoplasm without specification of site,C80,25-34 years,25-34,18,4276763,Unreliable
,Texas,48,2019,2019,Malignant neoplasm without specification of site,C80,35-44 years,35-44,22,3942439,0.6
,Texas,48,2019,2019,Multiple myeloma - Malignant neoplasms,C90.0,35-44 years,35-44,11,3942439,Unreliable
,Texas,48,2019,2019,Acute lymphoblastic leukaemia - Malignant neoplasms,C91.0,15-24 years,15-24,23,4055517,0.6
,Texas,48,2019,2019,Acute lymphoblastic leukaemia - Malignant neoplasms,C91.0,25-34 years,25-34,18,4276763,Unreliable
,Texas,48,2019,2019,Acute lymphoblastic leukaemia - Malignant neoplasms,C91.0,35-44 years,35-44,11,3942439,Unreliable
,Texas,48,2019,2019,Acute myeloid leukaemia - Malignant neoplasms,C92.0,15-24 years,15-24,11,4055517,Unreliable
,Texas,48,2019,2019,Acute myeloid leukaemia - Malignant neoplasms,C92.0,25-34 years,25-34,20,4276763,0.5
,Texas,48,2019,2019,Acute myeloid leukaemia - Malignant neoplasms,C92.0,35-44 years,35-44,18,3942439,Unreliable
,Texas,48,2020,2020,"Oesophagus, unspecified - Malignant neoplasms",C15.9,35-44 years,35-44,19,4019259,Unreliable
,Texas,48,2020,2020,"Stomach, unspecified - Malignant neoplasms",C16.9,35-44 years,35-44,38,4019259,0.9
,Texas,48,2020,2020,"Colon, unspecified - Malignant neoplasms",C18.9,25-34 years,25-34,22,4318570,0.5
,Texas,48,2020,2020,"Colon, unspecified - Malignant neoplasms",C18.9,35-44 years,35-44,88,4019259,2.2
,Texas,48,2020,2020,Malignant neoplasm of rectosigmoid junction,C19,35-44 years,35-44,13,4019259,Unreliable
,Texas,48,2020,2020,Malignant neoplasm of rectum,C20,35-44 years,35-44,26,4019259,0.6
,Texas,48,2020,2020,"Pancreas, unspecified - Malignant neoplasms",C25.9,35-44 years,35-44,46,4019259,1.1
,Texas,48,2020,2020,"Bronchus or lung, unspecified - Malignant neoplasms",C34.9,25-34 years,25-34,13,4318570,Unreliable
,Texas,48,2020,2020,"Bronchus or lung, unspecified - Malignant neoplasms",C34.9,35-44 years,35-44,56,4019259,1.4
,Texas,48,2020,2020,"Bone and articular cartilage, unspecified - Malignant neoplasms",C41.9,15-24 years,15-24,14,4098388,Unreliable
,Texas,48,2020,2020,"Malignant melanoma of skin, unspecified - Malignant neoplasms",C43.9,35-44 years,35-44,19,4019259,Unreliable
,Texas,48,2020,2020,"Connective and soft tissue, unspecified - Malignant neoplasms",C49.9,25-34 years,25-34,10,4318570,Unreliable
,Texas,48,2020,2020,"Connective and soft tissue, unspecified - Malignant neoplasms",C49.9,35-44 years,35-44,12,4019259,Unreliable
,Texas,48,2020,2020,"Breast, unspecified - Malignant neoplasms",C50.9,25-34 years,25-34,29,4318570,0.7
,Texas,48,2020,2020,"Breast, unspecified - Malignant neoplasms",C50.9,35-44 years,35-44,163,4019259,4.1
,Texas,48,2020,2020,"Cervix uteri, unspecified - Malignant neoplasms",C53.9,25-34 years,25-34,24,4318570,0.6
,Texas,48,2020,2020,"Cervix uteri, unspecified - Malignant neoplasms",C53.9,35-44 years,35-44,80,4019259,2
,Texas,48,2020,2020,"Malignant neoplasm of uterus, part unspecified",C55,35-44 years,35-44,14,4019259,Unreliable
,Texas,48,2020,2020,Malignant neoplasm of ovary,C56,25-34 years,25-34,11,4318570,Unreliable
,Texas,48,2020,2020,Malignant neoplasm of ovary,C56,35-44 years,35-44,24,4019259,0.6
,Texas,48,2020,2020,"Testis, unspecified - Malignant neoplasms",C62.9,25-34 years,25-34,18,4318570,Unreliable
,Texas,48,2020,2020,"Testis, unspecified - Malignant neoplasms",C62.9,35-44 years,35-44,14,4019259,Unreliable
,Texas,48,2020,2020,"Malignant neoplasm of kidney, except renal pelvis",C64,35-44 years,35-44,20,4019259,0.5
,Texas,48,2020,2020,"Brain, unspecified - Malignant neoplasms",C71.9,5-14 years,14-May,11,4206393,Unreliable
,Texas,48,2020,2020,"Brain, unspecified - Malignant neoplasms",C71.9,15-24 years,15-24,22,4098388,0.5
,Texas,48,2020,2020,"Brain, unspecified - Malignant neoplasms",C71.9,25-34 years,25-34,24,4318570,0.6
,Texas,48,2020,2020,"Brain, unspecified - Malignant neoplasms",C71.9,35-44 years,35-44,60,4019259,1.5
,Texas,48,2020,2020,Malignant neoplasm without specification of site,C80,25-34 years,25-34,16,4318570,Unreliable
,Texas,48,2020,2020,Malignant neoplasm without specification of site,C80,35-44 years,35-44,34,4019259,0.8
,Texas,48,2020,2020,"B-cell lymphoma, unspecified - Malignant neoplasms",C85.1,35-44 years,35-44,11,4019259,Unreliable
,Texas,48,2020,2020,"Non-Hodgkin lymphoma, unspecified type",C85.9,35-44 years,35-44,11,4019259,Unreliable
,Texas,48,2020,2020,Acute lymphoblastic leukaemia - Malignant neoplasms,C91.0,15-24 years,15-24,13,4098388,Unreliable
,Texas,48,2020,2020,Acute lymphoblastic leukaemia - Malignant neoplasms,C91.0,25-34 years,25-34,16,4318570,Unreliable
,Texas,48,2020,2020,Acute lymphoblastic leukaemia - Malignant neoplasms,C91.0,35-44 years,35-44,18,4019259,Unreliable
,Texas,48,2020,2020,Acute myeloid leukaemia - Malignant neoplasms,C92.0,15-24 years,15-24,20,4098388,0.5
,Texas,48,2020,2020,Acute myeloid leukaemia - Malignant neoplasms,C92.0,25-34 years,25-34,13,4318570,Unreliable
,Texas,48,2020,2020,Acute myeloid leukaemia - Malignant neoplasms,C92.0,35-44 years,35-44,21,4019259,0.5
,Utah,49,2019,2019,"Breast, unspecified - Malignant neoplasms",C50.9,35-44 years,35-44,15,443453,Unreliable
,Utah,49,2019,2019,"Brain, unspecified - Malignant neoplasms",C71.9,35-44 years,35-44,11,443453,Unreliable
,Utah,49,2020,2020,"Colon, unspecified - Malignant neoplasms",C18.9,35-44 years,35-44,10,450609,Unreliable
,Utah,49,2020,2020,"Breast, unspecified - Malignant neoplasms",C50.9,35-44 years,35-44,30,450609,6.7
,Utah,49,2020,2020,"Brain, unspecified - Malignant neoplasms",C71.9,35-44 years,35-44,11,450609,Unreliable
,Virginia,51,2019,2019,"Colon, unspecified - Malignant neoplasms",C18.9,35-44 years,35-44,28,1112496,2.5
,Virginia,51,2019,2019,"Bronchus or lung, unspecified - Malignant neoplasms",C34.9,35-44 years,35-44,25,1112496,2.2
,Virginia,51,2019,2019,"Breast, unspecified - Malignant neoplasms",C50.9,25-34 years,25-34,13,1190381,Unreliable
,Virginia,51,2019,2019,"Breast, unspecified - Malignant neoplasms",C50.9,35-44 years,35-44,47,1112496,4.2
,Virginia,51,2019,2019,"Cervix uteri, unspecified - Malignant neoplasms",C53.9,35-44 years,35-44,10,1112496,Unreliable
,Virginia,51,2019,2019,"Brain, unspecified - Malignant neoplasms",C71.9,25-34 years,25-34,11,1190381,Unreliable
,Virginia,51,2019,2019,"Brain, unspecified - Malignant neoplasms",C71.9,35-44 years,35-44,24,1112496,2.2
,Virginia,51,2020,2020,"Colon, unspecified - Malignant neoplasms",C18.9,35-44 years,35-44,32,1127091,2.8
,Virginia,51,2020,2020,"Pancreas, unspecified - Malignant neoplasms",C25.9,35-44 years,35-44,16,1127091,Unreliable
,Virginia,51,2020,2020,"Bronchus or lung, unspecified - Malignant neoplasms",C34.9,35-44 years,35-44,19,1127091,Unreliable
,Virginia,51,2020,2020,"Breast, unspecified - Malignant neoplasms",C50.9,35-44 years,35-44,51,1127091,4.5
,Virginia,51,2020,2020,"Cervix uteri, unspecified - Malignant neoplasms",C53.9,35-44 years,35-44,19,1127091,Unreliable
,Virginia,51,2020,2020,"Brain, unspecified - Malignant neoplasms",C71.9,5-14 years,14-May,10,1045223,Unreliable
,Virginia,51,2020,2020,"Brain, unspecified - Malignant neoplasms",C71.9,35-44 years,35-44,22,1127091,2
,Virginia,51,2020,2020,Malignant neoplasm without specification of site,C80,35-44 years,35-44,18,1127091,Unreliable
,Washington,53,2019,2019,"Stomach, unspecified - Malignant neoplasms",C16.9,35-44 years,35-44,11,1028141,Unreliable
,Washington,53,2019,2019,"Colon, unspecified - Malignant neoplasms",C18.9,35-44 years,35-44,20,1028141,1.9
,Washington,53,2019,2019,"Bronchus or lung, unspecified - Malignant neoplasms",C34.9,35-44 years,35-44,15,1028141,Unreliable
,Washington,53,2019,2019,"Malignant melanoma of skin, unspecified - Malignant neoplasms",C43.9,35-44 years,35-44,11,1028141,Unreliable
,Washington,53,2019,2019,"Breast, unspecified - Malignant neoplasms",C50.9,35-44 years,35-44,51,1028141,5
,Washington,53,2019,2019,"Brain, unspecified - Malignant neoplasms",C71.9,35-44 years,35-44,21,1028141,2
,Washington,53,2020,2020,"Colon, unspecified - Malignant neoplasms",C18.9,35-44 years,35-44,27,1057100,2.6
,Washington,53,2020,2020,"Pancreas, unspecified - Malignant neoplasms",C25.9,35-44 years,35-44,10,1057100,Unreliable
,Washington,53,2020,2020,"Malignant melanoma of skin, unspecified - Malignant neoplasms",C43.9,35-44 years,35-44,10,1057100,Unreliable
,Washington,53,2020,2020,"Breast, unspecified - Malignant neoplasms",C50.9,25-34 years,25-34,12,1189552,Unreliable
,Washington,53,2020,2020,"Breast, unspecified - Malignant neoplasms",C50.9,35-44 years,35-44,29,1057100,2.7
,Washington,53,2020,2020,"Cervix uteri, unspecified - Malignant neoplasms",C53.9,35-44 years,35-44,11,1057100,Unreliable
,Washington,53,2020,2020,"Brain, unspecified - Malignant neoplasms",C71.9,35-44 years,35-44,22,1057100,2.1
,West Virginia,54,2019,2019,"Bronchus or lung, unspecified - Malignant neoplasms",C34.9,35-44 years,35-44,15,213802,Unreliable
,West Virginia,54,2020,2020,"Breast, unspecified - Malignant neoplasms",C50.9,35-44 years,35-44,11,211489,Unreliable
,Wisconsin,55,2019,2019,"Colon, unspecified - Malignant neoplasms",C18.9,35-44 years,35-44,11,713075,Unreliable
,Wisconsin,55,2019,2019,"Pancreas, unspecified - Malignant neoplasms",C25.9,35-44 years,35-44,12,713075,Unreliable
,Wisconsin,55,2019,2019,"Bronchus or lung, unspecified - Malignant neoplasms",C34.9,35-44 years,35-44,13,713075,Unreliable
,Wisconsin,55,2019,2019,"Breast, unspecified - Malignant neoplasms",C50.9,35-44 years,35-44,35,713075,4.9
,Wisconsin,55,2019,2019,"Brain, unspecified - Malignant neoplasms",C71.9,35-44 years,35-44,18,713075,Unreliable
,Wisconsin,55,2020,2020,"Colon, unspecified - Malignant neoplasms",C18.9,35-44 years,35-44,17,722021,Unreliable
,Wisconsin,55,2020,2020,"Breast, unspecified - Malignant neoplasms",C50.9,35-44 years,35-44,22,722021,3
,Wisconsin,55,2020,2020,"Brain, unspecified - Malignant neoplasms",C71.9,35-44 years,35-44,11,722021,Unreliable
---,,,,,,,,,,,
"Dataset: Underlying Cause of Death, 1999-2020",,,,,,,,,,,
Query Parameters:,,,,,,,,,,,
Title: Underlying cause of Death 1999 to 2020 by Age group,,,,,,,,,,,
ICD-10 Codes: C00-D48 (Neoplasms),,,,,,,,,,,
Ten-Year Age Groups: < 1 year; 1-4 years; 5-14 years; 15-24 years; 25-34 years; 35-44 years,,,,,,,,,,,
Year/Month: 2019; 2020,,,,,,,,,,,
Group By: State; Year; Cause of death; Ten-Year Age Groups,,,,,,,,,,,
Show Totals: Disabled,,,,,,,,,,,
Show Zero Values: Disabled,,,,,,,,,,,
Show Suppressed: False,,,,,,,,,,,
"Calculate Rates Per: 100,000",,,,,,,,,,,
Rate Options: Default intercensal populations for years 2001-2009 (except Infant Age Groups),,,,,,,,,,,
---,,,,,,,,,,,
Help: See http://wonder.cdc.gov/wonder/help/ucd.html for more information.,,,,,,,,,,,
---,,,,,,,,,,,
"Query Date: Feb 2, 2023 9:02:50 PM",,,,,,,,,,,
---,,,,,,,,,,,
"Suggested Citation: Centers for Disease Control and Prevention, National Center for Health Statistics. National Vital Statistics",,,,,,,,,,,
"System, Mortality 1999-2020 on CDC WONDER Online Database, released in 2021. Data are from the Multiple Cause of Death Files,",,,,,,,,,,,
"1999-2020, as compiled from data provided by the 57 vital statistics jurisdictions through the Vital Statistics Cooperative",,,,,,,,,,,
"Program. Accessed at http://wonder.cdc.gov/ucd-icd10.html on Feb 2, 2023 9:02:50 PM",,,,,,,,,,,
---,,,,,,,,,,,
Messages:,,,,,,,,,,,
"1. The full results are too long to be displayed. Due to suppression constraints rows that are zero, suppressed or a total will",,,,,,,,,,,
not be available.,,,,,,,,,,,
---,,,,,,,,,,,
Caveats:,,,,,,,,,,,
1. Death rates are flagged as Unreliable when the rate is calculated with a numerator of 20 or less. More information:,,,,,,,,,,,
http://wonder.cdc.gov/wonder/help/ucd.html#Unreliable.,,,,,,,,,,,
"2. Deaths of persons with Age ""Not Stated"" are included in ""All"" counts and rates, but are not distributed among age groups,",,,,,,,,,,,
"so are not included in age-specific counts, age-specific rates or in any age-adjusted rates. More information:",,,,,,,,,,,
http://wonder.cdc.gov/wonder/help/ucd.html#Not Stated.,,,,,,,,,,,
"3. The population figures for year 2020 are bridged-race estimates of the July 1 resident population, from the Vintage 2020",,,,,,,,,,,
"postcensal series released by NCHS on September 22, 2021. The population figures for year 2019 are bridged-race estimates of the",,,,,,,,,,,
"July 1 resident population, from the Vintage 2019 postcensal series released by NCHS on July 9, 2020. The population figures for",,,,,,,,,,,
"year 2018 are bridged-race estimates of the July 1 resident population, from the Vintage 2018 postcensal series released by NCHS",,,,,,,,,,,
"on June 25, 2019. The population figures for year 2017 are bridged-race estimates of the July 1 resident population, from the",,,,,,,,,,,
"Vintage 2017 postcensal series released by NCHS on June 27, 2018. The population figures for year 2016 are bridged-race",,,,,,,,,,,
"estimates of the July 1 resident population, from the Vintage 2016 postcensal series released by NCHS on June 26, 2017. The",,,,,,,,,,,
"population figures for year 2015 are bridged-race estimates of the July 1 resident population, from the Vintage 2015 postcensal",,,,,,,,,,,
"series released by NCHS on June 28, 2016. The population figures for year 2014 are bridged-race estimates of the July 1 resident",,,,,,,,,,,
"population, from the Vintage 2014 postcensal series released by NCHS on June 30, 2015. The population figures for year 2013 are",,,,,,,,,,,
"bridged-race estimates of the July 1 resident population, from the Vintage 2013 postcensal series released by NCHS on June 26,",,,,,,,,,,,
"2014. The population figures for year 2012 are bridged-race estimates of the July 1 resident population, from the Vintage 2012",,,,,,,,,,,
"postcensal series released by NCHS on June 13, 2013. The population figures for year 2011 are bridged-race estimates of the July",,,,,,,,,,,
"1 resident population, from the Vintage 2011 postcensal series released by NCHS on July 18, 2012. Population figures for 2010",,,,,,,,,,,
are April 1 Census counts. The population figures for years 2001 - 2009 are bridged-race estimates of the July 1 resident,,,,,,,,,,,
"population, from the revised intercensal county-level 2000 - 2009 series released by NCHS on October 26, 2012. Population",,,,,,,,,,,
figures for 2000 are April 1 Census counts. Population figures for 1999 are from the 1990-1999 intercensal series of July 1,,,,,,,,,,,
estimates. Population figures for the infant age groups are the number of live births. <br/><b>Note:</b> Rates and population,,,,,,,,,,,
"figures for years 2001 - 2009 differ slightly from previously published reports, due to use of the population estimates which",,,,,,,,,,,
were available at the time of release.,,,,,,,,,,,
4. The population figures used in the calculation of death rates for the age group 'under 1 year' are the estimates of the,,,,,,,,,,,
resident population that is under one year of age. More information: http://wonder.cdc.gov/wonder/help/ucd.html#Age Group.,,,,,,,,,,,
"5. Beginning with the 2018 data, changes have been implemented that affect the counts for ICD-10 cause of death codes O00-O99",,,,,,,,,,,
"compared to previous practice. In addition, data for the cause of death codes O00-O99 for 2003 through 2017 reflect differences",,,,,,,,,,,
in information available to individual states and probable errors. Caution should be used in interpreting these data. More,,,,,,,,,,,
information can be found at: https://www.cdc.gov/nchs/maternal-mortality/.,,,,,,,,,,,
"6. On March 11, 2021, the 2019 mortality data on CDC WONDER was updated with the 2019 mortality data updated by NCHS on March 4,",,,,,,,,,,,
"2021 to include corrected information for residents of Texas affecting 5 records previously coded to cause code *U01.4,",,,,,,,,,,,
Terrorism involving firearms (homicide). The underlying and multiple cause of death codes for 5 records were corrected in the,,,,,,,,,,,
2019 data. Underlying and multiple cause of death codes for those 5 records were recoded to Assault (homicide) by other and,,,,,,,,,,,
"unspecified firearm discharge, ICD-10 code X95. The corrected final death records replaces the data released on December 22,",,,,,,,,,,,
2020,,,,,,,,,,,
7. Changes to cause of death classification affect reporting trends. More information:,,,,,,,,,,,
http://wonder.cdc.gov/wonder/help/ucd.html#ICD-10 Changes.,,,,,,,,,,,
